year	orth	pron	rank	gender
2018	葵	あおい	1	F
2018	結菜	ゆうな	2	F
2018	陽葵	ひまり	3	F
2018	咲良	さくら	4	F
2018	芽依	めい	5	F
2018	結衣	ゆい	6	F
2018	凜	りん	7	F
2018	結愛	ゆあ	8	F
2018	陽菜	ひな	9	F
2018	莉子	りこ	10	F
2018	紬	つむぎ	11	F
2018	澪	みお	12	F
2018	凛	りん	13	F
2018	結月	ゆづき	14	F
2018	美月	みつき	15	F
2018	さくら	さくら	16	F
2018	杏	あん	17	F
2018	楓	かえで	18	F
2018	あかり	あかり	18	F
2018	心春	ここは	20	F
2018	琴音	ことね	21	F
2018	莉央	りお	22	F
2018	杏奈	あんな	23	F
2018	ひかり	ひかり	24	F
2018	芽生	めい	25	F
2018	琴葉	ことは	25	F
2018	咲希	さき	27	F
2018	花	はな	28	F
2018	朱莉	あかり	29	F
2018	陽菜乃	ひなの	30	F
2018	愛莉	あいり	31	F
2018	ひまり	ひまり	32	F
2018	美結	みゆ	33	F
2018	美桜	みお	34	F
2018	柚希	ゆずき	34	F
2018	彩葉	いろは	36	F
2018	菜月	なつき	37	F
2018	詩	うた	38	F
2018	心結	みゆう	38	F
2018	愛菜	あいな	40	F
2018	心陽	みはる	41	F
2018	優奈	ゆうな	42	F
2018	結	ゆい	42	F
2018	すみれ	すみれ	44	F
2018	桜	さくら	45	F
2018	心晴	こはる	46	F
2018	ひなた	ひなた	47	F
2018	和奏	わかな	48	F
2018	美織	みおり	49	F
2018	詩織	しおり	50	F
2018	美琴	みこと	50	F
2018	花音	かのん	52	F
2018	紗菜	さな	53	F
2018	一華	いちか	53	F
2018	菫	すみれ	55	F
2018	葉月	はづき	55	F
2018	和花	わか	55	F
2018	一花	いちか	55	F
2018	朱里	あかり	59	F
2018	莉緒	りお	59	F
2018	彩乃	あやの	59	F
2018	玲奈	れいな	59	F
2018	鈴	すず	59	F
2018	華	はな	64	F
2018	柚葉	ゆずは	65	F
2018	明莉	あかり	66	F
2018	みのり	みのり	66	F
2018	栞	しおり	68	F
2018	紗奈	さな	68	F
2018	美羽	みう	68	F
2018	愛梨	あいり	68	F
2018	夏帆	かほ	68	F
2018	結心	ゆうみ	68	F
2018	紗良	さら	74	F
2018	美咲	みさき	74	F
2018	愛	あい	74	F
2018	すず	すず	77	F
2018	柚月	ゆづき	78	F
2018	雫	しずく	79	F
2018	優月	ゆつき	79	F
2018	ひより	ひより	79	F
2018	詩乃	しの	82	F
2018	小春	こはる	82	F
2018	彩羽	あやは	82	F
2018	乃愛	のあ	82	F
2018	陽向	ひなた	82	F
2018	怜奈	れいな	82	F
2018	芽衣	めい	82	F
2018	凪	なぎ	89	F
2018	美緒	みお	89	F
2018	柚羽	ゆずは	89	F
2018	結葵	ゆあ	89	F
2018	百花	ももか	93	F
2018	優愛	ゆあ	93	F
2018	優花	ゆうか	93	F
2018	栞奈	かんな	96	F
2018	実桜	みお	96	F
2018	千晴	ちはる	96	F
2018	碧	あおい	96	F
2018	莉帆	りほ	100	F
2018	蓮	れん	1	M
2018	大翔	ひろと	2	M
2018	陽翔	はると	3	M
2018	樹	いつき	4	M
2018	湊	みなと	5	M
2018	大和	やまと	6	M
2018	悠人	ゆうと	7	M
2018	悠真	ゆうま	8	M
2018	陽太	ようた	9	M
2018	結翔	ゆうと	10	M
2018	蒼	そう	11	M
2018	朝陽	あさひ	12	M
2018	陽斗	はると	13	M
2018	悠斗	ゆうと	14	M
2018	陽向	ひなた	15	M
2018	陸	りく	15	M
2018	新	あらた	17	M
2018	奏太	そうた	17	M
2018	悠	ゆう	19	M
2018	颯真	そうま	20	M
2018	律	りつ	21	M
2018	湊斗	みなと	22	M
2018	陽大	ようた	22	M
2018	颯太	そうた	24	M
2018	蒼大	そうた	25	M
2018	翔	しょう	26	M
2018	結斗	ゆうと	26	M
2018	奏汰	そうた	28	M
2018	碧	あおい	28	M
2018	旭	あさひ	28	M
2018	颯	そう	31	M
2018	朔	さく	31	M
2018	陽	はる	31	M
2018	蒼真	そうま	34	M
2018	陸斗	りくと	35	M
2018	瑛太	えいた	35	M
2018	晴翔	はると	37	M
2018	伊織	いおり	37	M
2018	大智	だいち	39	M
2018	悠翔	ゆうと	39	M
2018	仁	じん	41	M
2018	葵	あおい	41	M
2018	翔太	しょうた	43	M
2018	奏多	そうた	44	M
2018	碧人	あおと	44	M
2018	歩	あゆむ	46	M
2018	悠生	ゆうせい	47	M
2018	壮真	そうま	48	M
2018	海翔	かいと	48	M
2018	航	わたる	48	M
2018	颯汰	そうた	51	M
2018	遥斗	はると	51	M
2018	颯人	そうと	53	M
2018	湊大	そうた	53	M
2018	岳	がく	55	M
2018	結人	ゆうと	55	M
2018	碧斗	あおと	57	M
2018	湊太	そうた	57	M
2018	翼	つばさ	57	M
2018	光	ひかる	57	M
2018	蒼太	そうた	61	M
2018	慶	けい	61	M
2018	晴	はると	63	M
2018	奏	そう	63	M
2018	匠	たくみ	65	M
2018	陸人	りくと	65	M
2018	琉生	りゅうせい	65	M
2018	結仁	ゆうじん	65	M
2018	翔真	しょうま	69	M
2018	悠太	ゆうた	69	M
2018	瑛斗	えいと	69	M
2018	楓	かえで	72	M
2018	蒼士	そうし	73	M
2018	諒	りょう	73	M
2018	颯斗	ふうと	75	M
2018	蒼空	そら	75	M
2018	暖	だん	75	M
2018	涼真	りょうま	75	M
2018	一翔	いちと	75	M
2018	慧	けい	75	M
2018	湊翔	みなと	81	M
2018	優斗	ゆうと	81	M
2018	怜	れい	81	M
2018	昴	すばる	81	M
2018	晴斗	はると	85	M
2018	悠希	ゆうき	85	M
2018	一颯	いぶき	85	M
2018	蒼生	あおき	88	M
2018	健人	けんと	89	M
2018	大知	だいち	90	M
2018	凪	なぎ	90	M
2018	颯大	そうた	92	M
2018	大雅	たいが	92	M
2018	大輝	だいき	92	M
2018	悠仁	ゆうじん	92	M
2018	絢斗	あやと	92	M
2018	海斗	かいと	92	M
2018	航大	こうだい	98	M
2018	櫂	かい	99	M
2018	大晴	たいせい	99	M
2019	陽葵	ひまり	1	F
2019	芽依	めい	2	F
2019	凛	りん	3	F
2019	紬	つむぎ	4	F
2019	莉子	りこ	5	F
2019	結愛	ゆあ	6	F
2019	さくら	さくら	7	F
2019	葵	あおい	8	F
2019	澪	みお	9	F
2019	結菜	ゆうな	10	F
2019	杏	あん	11	F
2019	陽菜	ひな	12	F
2019	咲良	さくら	13	F
2019	美月	みつき	14	F
2019	結月	ゆづき	14	F
2019	楓	かえで	16	F
2019	ひかり	ひかり	17	F
2019	あかり	あかり	18	F
2019	ひまり	ひまり	19	F
2019	凜	りん	20	F
2019	ひなた	ひなた	21	F
2019	結衣	ゆい	22	F
2019	美桜	みお	23	F
2019	杏奈	あんな	24	F
2019	琴葉	ことは	25	F
2019	陽菜乃	ひなの	26	F
2019	芽生	めい	26	F
2019	一華	いちか	28	F
2019	花	はな	29	F
2019	すみれ	すみれ	30	F
2019	心陽	みはる	31	F
2019	花音	かのん	31	F
2019	心春	ここは	33	F
2019	彩葉	いろは	34	F
2019	朱莉	あかり	34	F
2019	莉緒	りお	36	F
2019	一花	いちか	36	F
2019	詩	うた	38	F
2019	美結	みゆ	39	F
2019	愛莉	あいり	40	F
2019	心結	みゆう	41	F
2019	桜	さくら	41	F
2019	いろは	いろは	41	F
2019	つむぎ	つむぎ	41	F
2019	莉央	りお	45	F
2019	心晴	こはる	46	F
2019	菫	すみれ	47	F
2019	柚希	ゆずき	47	F
2019	柚葉	ゆずは	47	F
2019	咲希	さき	47	F
2019	すず	すず	47	F
2019	彩羽	いろは	52	F
2019	蘭	らん	53	F
2019	凪	なぎ	53	F
2019	結	ゆい	53	F
2019	紬希	つむぎ	56	F
2019	優奈	ゆうな	56	F
2019	紗奈	さな	58	F
2019	こはる	こはる	58	F
2019	乃愛	のあ	60	F
2019	ひより	ひより	60	F
2019	美羽	みう	62	F
2019	七海	ななみ	62	F
2019	鈴	すず	64	F
2019	怜奈	れな	64	F
2019	穂乃花	ほのか	64	F
2019	琴音	ことね	64	F
2019	莉愛	りあ	68	F
2019	美咲	みさき	68	F
2019	柚花	ゆずか	68	F
2019	雫	しずく	68	F
2019	日和	ひより	72	F
2019	美琴	みこと	72	F
2019	唯	ゆい	72	F
2019	ほのか	ほのか	72	F
2019	菜々美	ななみ	76	F
2019	芽衣	めい	76	F
2019	咲茉	えま	76	F
2019	愛菜	あいな	79	F
2019	あおい	あおい	79	F
2019	愛	あい	79	F
2019	華	はな	79	F
2019	彩乃	あやの	79	F
2019	莉奈	りな	84	F
2019	千晴	ちはる	84	F
2019	陽向	ひなた	84	F
2019	玲奈	れな	84	F
2019	優衣	ゆい	84	F
2019	葵衣	あおい	84	F
2019	朱⾥	あかり	84	F
2019	莉帆	りほ	91	F
2019	柚奈	ゆずな	91	F
2019	和奏	わかな	91	F
2019	心咲	みさき	91	F
2019	柚月	ゆづき	91	F
2019	叶愛	のあ	91	F
2019	優愛	ゆあ	97	F
2019	詩乃	しの	97	F
2019	愛梨	あいり	97	F
2019	菜月	なつき	97	F
2019	蓮	れん	1	M
2019	湊	みなと	2	M
2019	陽翔	はると	3	M
2019	律	りつ	4	M
2019	蒼	そう	5	M
2019	樹	いつき	5	M
2019	大翔	ひろと	7	M
2019	悠真	ゆうま	8	M
2019	大和	やまと	9	M
2019	湊斗	みなと	10	M
2019	颯真	そうま	11	M
2019	悠人	ゆうと	11	M
2019	結翔	ゆうと	11	M
2019	陽太	ようた	14	M
2019	陽斗	はると	14	M
2019	颯	そう	16	M
2019	朝陽	あさひ	16	M
2019	悠	ゆう	18	M
2019	新	あらた	18	M
2019	陸	りく	20	M
2019	陽大	ようた	21	M
2019	陽向	ひなた	21	M
2019	陽	はる	23	M
2019	悠斗	ゆうと	24	M
2019	奏太	そうた	25	M
2019	奏汰	そうた	25	M
2019	岳	がく	25	M
2019	海斗	かいと	28	M
2019	瑛斗	えいと	29	M
2019	悠翔	ゆうと	30	M
2019	大智	だいち	30	M
2019	暖	だん	30	M
2019	晴	はると	30	M
2019	結斗	ゆうと	30	M
2019	旭	あさひ	30	M
2019	琉⽣	りゅうせい	36	M
2019	伊織	いおり	37	M
2019	颯太	そうた	38	M
2019	大雅	たいが	38	M
2019	蒼大	そうた	38	M
2019	湊大	そうた	41	M
2019	瑛太	えいた	42	M
2019	健人	けんと	42	M
2019	蒼空	そら	44	M
2019	絢斗	あやと	44	M
2019	蒼太	そうた	46	M
2019	湊翔	みなと	46	M
2019	一輝	いつき	46	M
2019	朔	さく	46	M
2019	海翔	かいと	46	M
2019	一颯	いぶき	46	M
2019	慶	けい	46	M
2019	碧	あおい	53	M
2019	蒼真	そうま	53	M
2019	颯汰	そうた	55	M
2019	仁	じん	55	M
2019	悠生	ゆうせい	57	M
2019	優	ゆう	57	M
2019	奏斗	かなと	59	M
2019	晴翔	はると	59	M
2019	涼真	りょうま	61	M
2019	壮真	そうま	61	M
2019	遥斗	はると	61	M
2019	翔	しょう	61	M
2019	瑛翔	えいと	61	M
2019	颯人	はやと	66	M
2019	怜	れい	66	M
2019	翼	つばさ	66	M
2019	碧斗	あおと	66	M
2019	歩	あゆむ	66	M
2019	湊太	そうた	66	M
2019	奏多	かなた	66	M
2019	結人	ゆいと	66	M
2019	葵	あおい	66	M
2019	朔太郎	さくたろう	66	M
2019	陽仁	はると	76	M
2019	蒼士	そうし	76	M
2019	優斗	ゆうと	76	M
2019	翔真	しょうま	76	M
2019	楓	かえで	80	M
2019	大知	だいち	80	M
2019	陸⽃	りくと	80	M
2019	奏	かなた	80	M
2019	拓真	たくま	80	M
2019	悠仁	はると	80	M
2019	司	つかさ	80	M
2019	颯斗	はやと	87	M
2019	誠	まこと	87	M
2019	碧人	あおと	87	M
2019	琥太郎	こたろう	87	M
2019	遼	りょう	91	M
2019	大輝	だいき	92	M
2019	櫂	かい	92	M
2019	太一	たいち	92	M
2019	蒼生	いぶき	92	M
2019	健斗	けんと	92	M
2019	匠	たくみ	92	M
2019	悠希	はるき	98	M
2019	空	そら	98	M
2019	翔大	しょうた	100	M
2020	陽葵	ひまり	1	F
2020	紬	つむぎ	2	F
2020	芽依	めい	3	F
2020	凛	りん	4	F
2020	澪	みお	5	F
2020	結愛	ゆあ	6	F
2020	結月	ゆづき	7	F
2020	結衣	ゆい	8	F
2020	結菜	ゆうな	9	F
2020	楓	かえで	10	F
2020	葵	あおい	11	F
2020	莉子	りこ	12	F
2020	美月	みつき	13	F
2020	杏	あん	14	F
2020	陽菜	ひな	15	F
2020	ひなた	ひなた	16	F
2020	ひかり	ひかり	17	F
2020	ひまり	ひまり	18	F
2020	凜	りん	19	F
2020	あかり	あかり	20	F
2020	陽菜乃	ひなの	21	F
2020	澪	みお	22	F
2020	心陽	みはる	22	F
2020	杏	あん	24	F
2020	琴葉	ことは	24	F
2020	楓	かえで	26	F
2020	ひまり	ひまり	27	F
2020	蘭	らん	28	F
2020	柚希	ゆずき	28	F
2020	凪	なぎ	28	F
2020	柚葉	ゆずは	31	F
2020	いろは	いろは	31	F
2020	朱莉	あかり	33	F
2020	ひより	ひより	33	F
2020	心春	ここは	35	F
2020	心結	みゆ	35	F
2020	美結	みゆ	37	F
2020	杏奈	あんな	38	F
2020	玲奈	れな	39	F
2020	紬希	つむぎ	39	F
2020	詩	うた	39	F
2020	莉央	りお	42	F
2020	七海	ななみ	43	F
2020	莉緒	りお	44	F
2020	優奈	ゆうな	44	F
2020	紗奈	さな	46	F
2020	紗菜	さな	46	F
2020	花音	かのん	46	F
2020	咲茉	えま	49	F
2020	結	ゆい	49	F
2020	すみれ	すみれ	49	F
2020	一華	いちか	49	F
2020	桜	さくら	53	F
2020	美羽	みう	54	F
2020	つむぎ	つむぎ	54	F
2020	明莉	あかり	56	F
2020	陽咲	ひなた	56	F
2020	千尋	ちひろ	56	F
2020	柚月	ゆづき	56	F
2020	愛梨	あいり	56	F
2020	芽生	めい	56	F
2020	咲希	さき	56	F
2020	愛菜	あいな	56	F
2020	音羽	おとは	56	F
2020	莉愛	りあ	65	F
2020	唯愛	ゆあ	65	F
2020	碧	あおい	65	F
2020	乃愛	のあ	65	F
2020	あおい	あおい	65	F
2020	琴音	ことね	70	F
2020	菫	すみれ	71	F
2020	穂香	ほのか	71	F
2020	心遥	みはる	71	F
2020	愛奈	あいな	71	F
2020	菜々美	ななみ	71	F
2020	葵衣	あおい	71	F
2020	美琴	みこと	77	F
2020	優愛	ゆあ	77	F
2020	穂乃花	ほのか	77	F
2020	紗良	さら	77	F
2020	雫	しずく	77	F
2020	依茉	えま	77	F
2020	ほのか	ほのか	77	F
2020	結心	ゆみ	77	F
2020	怜奈	れな	85	F
2020	優月	ゆづき	85	F
2020	明日香	あすか	85	F
2020	心咲	みさき	85	F
2020	詩乃	しの	85	F
2020	美咲	みさき	85	F
2020	百花	ももか	85	F
2020	美波	みなみ	85	F
2020	えま	えま	85	F
2020	彩羽	いろは	85	F
2020	一花	いちか	85	F
2020	梨乃	りの	96	F
2020	鈴	すず	96	F
2020	栞奈	かんな	96	F
2020	和花	わか	96	F
2020	帆夏	ほのか	96	F
2020	美玲	みれい	96	F
2020	帆花	ほのか	96	F
2020	日向子	ひなこ	96	F
2020	椿	つばき	96	F
2020	愛莉	あいり	96	F
2020	愛茉	えま	96	F
2020	いちか	いちか	96	F
2020	花	はな	96	F
2020	蓮	れん	1	M
2020	陽翔	はると	2	M
2020	湊	みなと	3	M
2020	悠真	ゆうま	4	M
2020	蒼	そう	5	M
2020	樹	いつき	6	M
2020	大翔	ひろと	7	M
2020	颯	そう	7	M
2020	大和	やまと	9	M
2020	湊斗	みなと	10	M
2020	碧	あおい	10	M
2020	伊織	いおり	12	M
2020	朝陽	あさひ	13	M
2020	陽向	ひなた	13	M
2020	蒼大	そうた	15	M
2020	律	りつ	15	M
2020	陽大	ようた	17	M
2020	悠斗	ゆうと	18	M
2020	陽斗	はると	18	M
2020	悠人	ゆうと	20	M
2020	陽太	ようた	20	M
2020	陸	りく	21	M
2020	颯真	そうま	21	M
2020	結斗	ゆうと	23	M
2020	悠	ゆう	23	M
2020	朔	さく	25	M
2020	結翔	ゆうと	26	M
2020	新	あらた	26	M
2020	蒼空	そら	26	M
2020	暖	だん	26	M
2020	奏汰	そうた	30	M
2020	楓	かえで	31	M
2020	旭	あさひ	32	M
2020	陽	はる	32	M
2020	瑛斗	えいと	34	M
2020	碧人	あおと	35	M
2020	海斗	かいと	36	M
2020	颯太	そうた	36	M
2020	岳	がく	38	M
2020	瑛太	えいた	38	M
2020	凪	なぎ	38	M
2020	奏太	そうた	38	M
2020	絢斗	あやと	42	M
2020	遥斗	はると	42	M
2020	海翔	かいと	44	M
2020	蒼生	いぶき	44	M
2020	琥太郎	こたろう	44	M
2020	碧斗	あおと	47	M
2020	颯汰	そうた	47	M
2020	悠翔	ゆうと	47	M
2020	空	そら	50	M
2020	陸⽃	りくと	50	M
2020	大雅	たいが	52	M
2020	颯人	はやと	52	M
2020	櫂	かい	52	M
2020	晴	はると	55	M
2020	仁	じん	55	M
2020	蒼真	そうま	55	M
2020	蓮斗	れんと	55	M
2020	琉⽣	りゅうせい	55	M
2020	葵	あおい	60	M
2020	健	たける	60	M
2020	晴翔	はると	60	M
2020	迅	じん	60	M
2020	太陽	たいよう	60	M
2020	⻁太郎	こたろう	65	M
2020	結人	ゆいと	65	M
2020	湊人	みなと	65	M
2020	蒼士	そうし	65	M
2020	柊	しゅう	65	M
2020	理仁	りひと	65	M
2020	翼	つばさ	65	M
2020	理⼈	りひと	65	M
2020	昊	こう	65	M
2020	怜	れい	65	M
2020	結仁	ゆいと	75	M
2020	湊太	そうた	75	M
2020	蒼人	あおと	75	M
2020	蒼太	そうた	75	M
2020	涼真	りょうま	75	M
2020	湊翔	みなと	80	M
2020	悠生	ゆうせい	80	M
2020	廉	れん	80	M
2020	航	わたる	83	M
2020	慧	さとし	83	M
2020	優	ゆう	83	M
2020	奏斗	かなと	83	M
2020	大晴	たいせい	83	M
2020	一颯	いぶき	88	M
2020	航大	こうた	88	M
2020	光	ひかる	88	M
2020	尊	たかし	88	M
2020	奏多	かなた	88	M
2020	佑	ゆう	88	M
2020	大輝	だいき	88	M
2020	壮真	そうま	88	M
2020	大知	だいち	88	M
2020	優斗	ゆうと	88	M
2020	凛太朗	りんたろう	88	M
2020	匠	たくみ	99	M
2020	湊大	そうた	99	M
2020	悠希	はるき	99	M
2020	善	ぜん	99	M
2020	颯馬	そうま	99	M
2020	律希	りつき	99	M
2021	さくら	さくら	1	F
2021	陽葵	ひまり	2	F
2021	紬	つむぎ	3	F
2021	芽依	めい	4	F
2021	澪	みお	5	F
2021	凛	りん	6	F
2021	彩葉	いろは	7	F
2021	莉子	りこ	8	F
2021	結菜	ゆうな	8	F
2021	結愛	ゆあ	8	F
2021	陽菜	ひな	11	F
2021	あかり	あかり	11	F
2021	ひかり	ひかり	11	F
2021	葵	あおい	14	F
2021	結衣	ゆい	15	F
2021	ひまり	ひまり	16	F
2021	ひなた	ひなた	16	F
2021	つむぎ	つむぎ	18	F
2021	陽菜乃	ひなの	19	F
2021	凜	りん	20	F
2021	咲良	さくら	20	F
2021	結月	ゆづき	20	F
2021	美月	みつき	21	F
2021	陽翔	はると	1	M
2021	結翔	ゆいと	2	M
2021	碧	あおい	3	M
2021	蓮	れん	4	M
2021	大翔	ひろと	5	M
2021	湊	みなと	5	M
2021	悠真	ゆうま	7	M
2021	颯真	そうま	8	M
2021	朝陽	あさひ	9	M
2021	蒼	あおい	9	M
2021	陽	はる	9	M
2021	樹	いつき	12	M
2021	律	りつ	13	M
2021	伊織	いおり	14	M
2021	悠	ゆう	15	M
2021	陽大	ようた	15	M
2021	蒼空	そら	17	M
2021	陽向	ひなた	17	M
2021	悠斗	ゆうと	17	M
2021	陸	りく	17	M
2021	凪	なぎ	21	M
2021	暖	だん	21	M
2022	陽葵	ひまり	1	F
2022	さくら	さくら	2	F
2022	ひなた	ひなた	3	F
2022	結菜	ゆうな	4	F
2022	結愛	ゆあ	5	F
2022	凛	りん	6	F
2022	ひかり	ひかり	6	F
2022	あかり	あかり	8	F
2022	ひまり	ひまり	8	F
2022	陽菜乃	ひなの	10	F
2022	一華	いちか	10	F
2022	蒼	あおい	1	M
2022	陽翔	はると	2	M
2022	蓮	れん	3	M
2022	陽向	ひなた	4	M
2022	碧	あおい	4	M
2022	湊	みなと	6	M
2022	蒼空	そら	7	M
2022	颯真	そうま	7	M
2022	朝陽	あさひ	9	M
2022	湊斗	みなと	10	M
2023	さくら	さくら	1	F
2023	ひなた	ひなた	2	F
2023	陽葵	ひまり	3	F
2023	つむぎ	つむぎ	3	F
2023	陽菜乃	ひなの	5	F
2023	ひかり	ひかり	6	F
2023	あかり	あかり	6	F
2023	いろは	いろは	8	F
2023	すみれ	すみれ	8	F
2023	凛	りん	10	F
2023	陽翔	はると	1	M
2023	結翔	ゆいと	2	M
2023	颯	そう	3	M
2023	朝陽	あさひ	4	M
2023	蓮	れん	4	M
2023	湊斗	みなと	4	M
2023	蒼	あおい	4	M
2023	樹	いつき	8	M
2023	大翔	ひろと	8	M
2023	陽大	ようた	10	M
2023	伊織	いおり	10	M
2023	律	りつ	10	M
2023	琉生	りゅうせい	10	M
2023	陽向	ひなた	10	M
2023	大和	やまと	10	M
2024	凛	りん	1	F
2024	紬	つむぎ	2	F
2024	陽葵	ひまり	3	F
2024	翠	すい	4	F
2024	美桜	みお	4	F
2024	陽菜	ひな	4	F
2024	柚乃	ゆの	7	F
2024	莉緒	りお	7	F
2024	葵	あおい	9	F
2024	彩葉	いろは	9	F
2024	琴葉	ことは	11	F
2024	美月	みつき	11	F
2024	莉子	りこ	11	F
2024	心陽	みはる	14	F
2024	紬葵	つむぎ	14	F
2024	結菜	ゆうな	16	F
2024	紬希	つむぎ	16	F
2024	凪	なぎ	16	F
2024	柚葉	ゆずは	16	F
2024	澪	みお	16	F
2024	茉莉	まつり	16	F
2024	依茉	えま	22	F
2024	芽依	めい	22	F
2024	結愛	ゆあ	22	F
2024	結月	ゆづき	22	F
2024	咲良	さくら	22	F
2024	咲茉	えま	22	F
2024	心晴	こはる	22	F
2024	凪紗	なぎさ	22	F
2024	杏	あん	30	F
2024	湊	みなと	1	M
2024	蓮	れん	2	M
2024	樹	いつき	3	M
2024	陽翔	はると	3	M
2024	伊織	いおり	5	M
2024	凪	なぎ	5	M
2024	藍	らん	5	M
2024	晴	はる	8	M
2024	朝陽	あさひ	8	M
2024	碧	あお	8	M
2024	蒼空	そら	11	M
2024	蒼大	そうた	11	M
2024	湊斗	みなと	11	M
2024	悠真	ゆうま	11	M
2024	陽向	ひなた	11	M
2024	結斗	ゆうと	16	M
2024	大和	やまと	16	M
2024	颯	そう	16	M
2024	旭	あさひ	19	M
2024	伊吹	いぶき	19	M
2024	結翔	ゆいと	19	M
2024	朔	さく	19	M
2024	奏多	かなた	19	M
2024	律	りつ	19	M
2024	新	あらた	25	M
2024	千颯	ちはや	25	M
2024	遥斗	はると	25	M
2024	陽大	ようた	25	M
2024	翠	すい	29	M
2024	大翔	ひろと	29	M
2024	湊音	みなと	29	M
2024	颯真	そうま	29	M
2025	翠	すい	1	F
2025	琴葉	ことは	2	F
2025	葵	あおい	3	F
2025	茉白	ましろ	3	F
2025	彩葉	いろは	5	F
2025	凛	りん	5	F
2025	陽葵	ひまり	7	F
2025	陽菜	ひな	7	F
2025	結菜	ゆうな	9	F
2025	陽菜乃	ひなの	10	F
2025	湊	みなと	1	M
2025	碧	あお	2	M
2025	結翔	ゆいと	3	M
2025	伊織	いおり	4	M
2025	陽翔	はると	4	M
2025	湊斗	みなと	6	M
2025	陽向	ひなた	6	M
2025	律	りつ	6	M
2025	朝陽	あさひ	9	M
2025	凪	なぎ	10	M
