year	orth	pron	rank	gender	freq
2018	陽葵	ひまり	1	F	29
2018	芽依	めい	2	F	26
2018	莉子	りこ	3	F	25
2018	葵	あおい	4	F	24
2018	澪	みお	5	F	23
2018	結菜	ゆいな	5	F	23
2018	凛	りん	5	F	23
2018	結愛	ゆあ	8	F	22
2018	琴音	ことね	8	F	22
2018	陽菜	ひな	10	F	21
2018	紬	つむぎ	11	F	20
2018	結衣	ゆい	12	F	18
2018	杏	あん	12	F	18
2018	凜	りん	12	F	18
2018	咲良	さくら	15	F	16
2018	美月	みつき	16	F	15
2018	心春	こはる	16	F	15
2018	さくら	さくら	18	F	14
2018	あかり	あかり	19	F	13
2018	朱莉	あかり	19	F	13
2018	優奈	ゆうな	19	F	13
2018	ひかり	ひかり	22	F	12
2018	愛莉	あいり	22	F	12
2018	杏奈	あんな	22	F	12
2018	陽菜乃	ひなの	25	F	11
2018	芽生	めい	25	F	11
2018	結	ゆい	25	F	11
2018	結月	ゆづき	25	F	11
2018	蘭	らん	25	F	11
2018	明莉	あかり	25	F	11
2018	莉緒	りお	25	F	11
2018	鈴	すず	32	F	10
2018	彩葉	いろは	32	F	10
2018	美咲	みさき	32	F	10
2018	琴葉	ことは	32	F	10
2018	蒼依	あおい	36	F	9
2018	こころ	こころ	36	F	9
2018	ひなた	ひなた	36	F	9
2018	華	はな	36	F	9
2018	玲奈	れな	36	F	9
2018	綾乃	あやの	36	F	9
2018	紗奈	さな	36	F	9
2018	いろは	いろは	36	F	9
2018	依茉	えま	36	F	9
2018	美琴	みこと	36	F	9
2018	心	こころ	46	F	8
2018	春乃	はるの	46	F	8
2018	莉愛	りあ	46	F	8
2018	柚月	ゆづき	46	F	8
2018	咲花	えみか	46	F	8
2018	七海	ななみ	46	F	8
2018	楓	かえで	46	F	8
2018	ひまり	ひまり	46	F	8
2018	彩乃	あやの	46	F	8
2018	彩心	いろは	46	F	8
2018	紗良	さら	46	F	8
2018	葵衣	あおい	46	F	8
2018	一華	いちか	46	F	8
2018	心陽	こはる	46	F	8
2018	菫	すみれ	46	F	8
2018	心晴	こはる	61	F	7
2018	柚葉	ゆずは	61	F	7
2018	柚希	ゆずき	61	F	7
2018	茉優	まゆ	61	F	7
2018	琴子	ことこ	61	F	7
2018	夏帆	かほ	61	F	7
2018	美桜	みお	61	F	7
2018	柚乃	ゆの	61	F	7
2018	詩乃	しの	61	F	7
2018	千夏	ちなつ	61	F	7
2018	唯	ゆい	61	F	7
2018	莉央	りお	61	F	7
2018	藍	あい	61	F	7
2018	朱里	あかり	61	F	7
2018	美結	みゆ	61	F	7
2018	菜央	なお	76	F	6
2018	佳歩	かほ	76	F	6
2018	咲奈	さな	76	F	6
2018	真帆	まほ	76	F	6
2018	唯花	ゆいか	76	F	6
2018	菜那	なな	76	F	6
2018	結葉	ゆいは	76	F	6
2018	桃奈	ももな	76	F	6
2018	花	はな	76	F	6
2018	花音	かのん	76	F	6
2018	栞	しおり	76	F	6
2018	桃花	ももか	76	F	6
2018	結唯	ゆい	76	F	6
2018	愛梨	あいり	76	F	6
2018	花奈	はな	76	F	6
2018	紗和	さわ	76	F	6
2018	一葉	かずは	76	F	6
2018	一花	いちか	76	F	6
2018	和奏	わかな	76	F	6
2018	すず	すず	76	F	6
2018	咲希	さき	76	F	6
2018	結花	ゆいか	76	F	6
2018	結心	ゆな	76	F	6
2018	文乃	ふみの	76	F	6
2018	音羽	おとは	76	F	6
2018	莉桜	りお	76	F	6
2018	心菜	ここな	76	F	6
2018	咲舞	えま	76	F	6
2018	穂花	ほのか	76	F	6
2018	和花	わか	76	F	6
2018	蓮	れん	1	M	29
2018	陽翔	はると	2	M	27
2018	陽太	ひなた	2	M	27
2018	樹	いつき	4	M	24
2018	悠人	ゆうと	4	M	24
2018	湊	みなと	6	M	23
2018	大翔	ひろと	7	M	22
2018	蒼	あおい	8	M	18
2018	朝陽	あさひ	8	M	18
2018	陽斗	はると	10	M	17
2018	颯真	そうま	10	M	17
2018	奏太	そうた	10	M	17
2018	大智	だいち	13	M	16
2018	悠真	ゆうま	13	M	16
2018	伊織	いおり	15	M	15
2018	旭	あさひ	15	M	15
2018	颯	そう	15	M	15
2018	悠	ゆう	18	M	14
2018	陽	はる	18	M	14
2018	結翔	ゆいと	18	M	14
2018	陽向	ひなた	18	M	14
2018	晴	はる	22	M	13
2018	颯太	そうた	22	M	13
2018	朔	さく	22	M	13
2018	蒼大	そうた	22	M	13
2018	新	あらた	26	M	12
2018	陽大	ひなた	26	M	12
2018	葵	あおい	26	M	12
2018	颯斗	はやと	29	M	11
2018	海翔	かいと	29	M	11
2018	大和	やまと	29	M	11
2018	碧人	あおと	32	M	10
2018	颯汰	そうた	32	M	10
2018	遥斗	はると	32	M	10
2018	奏多	かなた	32	M	10
2018	海斗	かいと	32	M	10
2018	奏汰	かなた	32	M	10
2018	結心	ゆうしん	38	M	9
2018	蒼太	そうた	38	M	9
2018	湊斗	みなと	38	M	9
2018	悠翔	はると	38	M	9
2018	碧	あおい	38	M	9
2018	一翔	かずと	38	M	9
2018	蒼真	そうま	38	M	9
2018	岳	がく	38	M	9
2018	悠希	はるき	38	M	9
2018	健	たける	47	M	8
2018	蒼士	そうし	47	M	8
2018	結人	ゆいと	47	M	8
2018	大輝	だいき	47	M	8
2018	翔真	しょうま	47	M	8
2018	陸斗	りくと	47	M	8
2018	律	りつ	47	M	8
2018	陸翔	りくと	47	M	8
2018	蒼人	あおと	47	M	8
2018	蒼介	そうすけ	47	M	8
2018	慶	けい	47	M	8
2018	陸人	りくと	47	M	8
2018	絢斗	あやと	47	M	8
2018	大晴	たいせい	47	M	8
2018	悠叶	ゆうと	47	M	8
2018	瑛斗	えいと	47	M	8
2018	翼	つばさ	47	M	8
2018	瑛太	えいた	47	M	8
2018	悠斗	はると	47	M	8
2018	仁	じん	66	M	7
2018	煌	こう	66	M	7
2018	翔	しょう	66	M	7
2018	勇人	はやと	66	M	7
2018	陸	りく	66	M	7
2018	一颯	いぶき	66	M	7
2018	葵翔	あおと	66	M	7
2018	奏	かなで	66	M	7
2018	湊太	そうた	66	M	7
2018	楓	かえで	66	M	7
2018	碧斗	あおと	66	M	7
2018	悠仁	ゆうじん	66	M	7
2018	結仁	ゆいと	66	M	7
2018	悠生	ゆうせい	66	M	7
2018	成	なる	66	M	7
2018	結斗	ゆいと	66	M	7
2018	瑛翔	えいと	66	M	7
2018	翔琉	かける	66	M	7
2018	健人	けんと	66	M	7
2018	凌久	りく	66	M	7
2018	一樹	かずき	66	M	7
2018	琉斗	りゅうと	66	M	7
2018	大地	だいち	66	M	7
2018	拓海	たくみ	89	M	6
2018	響	ひびき	89	M	6
2018	隼人	はやと	89	M	6
2018	瑛心	えいしん	89	M	6
2018	蓮翔	れんと	89	M	6
2018	叶翔	かなと	89	M	6
2018	柊	しゅう	89	M	6
2018	光希	こうき	89	M	6
2018	迅	じん	89	M	6
2018	一心	いっしん	89	M	6
2018	翔大	しょうた	89	M	6
2018	遥大	はると	89	M	6
2018	櫂	かい	89	M	6
2018	渉	わたる	89	M	6
2018	蒼生	あおい	89	M	6
2018	優真	ゆうま	89	M	6
2018	颯人	はやと	89	M	6
2018	快	かい	89	M	6
2018	奏佑	そうすけ	89	M	6
2018	優	ゆう	89	M	6
2018	匠	たくみ	89	M	6
2018	怜	れい	89	M	6
2019	陽葵	ひまり	1	F	
2019	凛	りん	2	F	
2019	芽依	めい	3	F	
2019	結菜	ゆいな	4	F	
2019	紬	つむぎ	5	F	
2019	咲良	さくら	6	F	
2019	莉子	りこ	7	F	
2019	葵	あおい	8	F	
2019	澪	みお	9	F	
2019	結月	ゆづき	10	F	
2019	陽菜	ひな	11	F	
2019	杏	あん	12	F	
2019	美月	みつき	13	F	
2019	さくら	さくら	14	F	
2019	結愛	ゆあ	15	F	
2019	凜	りん	16	F	
2019	結衣	ゆい	17	F	
2019	朱莉	あかり	18	F	
2019	彩葉	いろは	19	F	
2019	杏奈	あんな	20	F	
2019	花	はな	21	F	
2019	心春	こはる	22	F	
2019	琴葉	ことは	23	F	
2019	莉央	りお	24	F	
2019	琴音	ことね	24	F	
2019	美桜	みお	26	F	
2019	楓	かえで	27	F	
2019	詩	うた	28	F	
2019	あかり	あかり	29	F	
2019	一花	いちか	30	F	
2019	莉緒	りお	31	F	
2019	咲希	さき	31	F	
2019	愛莉	あいり	33	F	
2019	美結	みゆ	33	F	
2019	芽生	めい	35	F	
2019	心陽	こはる	36	F	
2019	ひまり	ひまり	37	F	
2019	ひかり	ひかり	38	F	
2019	陽菜乃	ひなの	39	F	
2019	花音	かのん	40	F	
2019	心結	みゆ	41	F	
2019	蘭	らん	42	F	
2019	一華	いちか	43	F	
2019	結	ゆい	43	F	
2019	ひなた	ひなた	45	F	
2019	菫	すみれ	46	F	
2019	紗菜	さな	47	F	
2019	柚希	ゆずき	47	F	
2019	美琴	みこと	49	F	
2019	咲花	はな	50	F	
2019	桜	さくら	51	F	
2019	心晴	こはる	52	F	
2019	七海	ななみ	53	F	
2019	和花	わか	54	F	
2019	玲奈	れな	54	F	
2019	鈴	すず	56	F	
2019	すみれ	すみれ	57	F	
2019	光莉	ひかり	58	F	
2019	愛菜	まな	59	F	
2019	紗奈	さな	60	F	
2019	凪	なぎ	60	F	
2019	咲茉	えま	62	F	
2019	優奈	ゆうな	63	F	
2019	菜月	なつき	64	F	
2019	紬希	つむぎ	64	F	
2019	彩乃	あやの	66	F	
2019	華	はな	67	F	
2019	明莉	あかり	67	F	
2019	詩乃	しの	69	F	
2019	葉月	はづき	69	F	
2019	栞奈	かんな	71	F	
2019	柚葉	ゆずは	71	F	
2019	莉奈	りな	73	F	
2019	雫	しずく	74	F	
2019	美咲	みさき	74	F	
2019	莉愛	りあ	76	F	
2019	紗良	さら	77	F	
2019	和奏	わかな	77	F	
2019	栞	しおり	79	F	
2019	結心	ゆい	79	F	
2019	美羽	みう	81	F	
2019	朱里	あかり	82	F	
2019	怜奈	れな	83	F	
2019	百花	ももか	84	F	
2019	美緒	みお	85	F	
2019	夏帆	かほ	86	F	
2019	乃愛	のあ	86	F	
2019	つむぎ	つむぎ	88	F	
2019	愛梨	あいり	88	F	
2019	彩羽	いろは	90	F	
2019	優花	ゆうか	90	F	
2019	優月	ゆづき	92	F	
2019	いろは	いろは	93	F	
2019	美織	みおり	94	F	
2019	柚月	ゆづき	94	F	
2019	彩心	あこ	96	F	
2019	咲	さき	96	F	
2019	茉奈	まな	98	F	
2019	ひより	ひより	98	F	
2019	心咲	みさき	100	F	
2019	蓮	れん	1	M	
2019	律	りつ	2	M	
2019	湊	みなと	3	M	
2019	樹	いつき	4	M	
2019	蒼	あおい	5	M	
2019	陽翔	はると	6	M	
2019	悠真	ゆうま	6	M	
2019	大翔	ひろと	8	M	
2019	新	あらた	9	M	
2019	大和	やまと	10	M	
2019	陽太	ひなた	11	M	
2019	朝陽	あさひ	12	M	
2019	結翔	ゆいと	13	M	
2019	悠人	ゆうと	14	M	
2019	陽向	ひなた	15	M	
2019	湊斗	みなと	15	M	
2019	颯真	そうま	17	M	
2019	颯	はやて	18	M	
2019	蒼大	そうた	19	M	
2019	陸	りく	20	M	
2019	奏太	そうた	21	M	
2019	伊織	いおり	22	M	
2019	悠	ゆう	23	M	
2019	陽斗	はると	24	M	
2019	暖	だん	25	M	
2019	奏汰	かなた	26	M	
2019	陽大	ひなた	27	M	
2019	颯太	そうた	28	M	
2019	悠斗	ゆうと	29	M	
2019	陽	はる	30	M	
2019	碧	あおい	31	M	
2019	朔	さく	32	M	
2019	一颯	いぶき	33	M	
2019	瑛太	えいた	33	M	
2019	大智	だいち	35	M	
2019	岳	がく	36	M	
2019	瑛斗	えいと	37	M	
2019	晴	はる	37	M	
2019	結斗	ゆいと	39	M	
2019	碧人	あおと	39	M	
2019	蒼真	そうま	39	M	
2019	旭	あさひ	42	M	
2019	陸斗	りくと	43	M	
2019	悠翔	ゆうと	44	M	
2019	颯人	はやと	45	M	
2019	海斗	かいと	46	M	
2019	悠生	ゆうせい	46	M	
2019	絢斗	あやと	48	M	
2019	湊太	そうた	49	M	
2019	翔	しょう	50	M	
2019	蒼空	そら	50	M	
2019	櫂	かい	52	M	
2019	晴翔	はると	53	M	
2019	海翔	かいと	54	M	
2019	健人	けんと	55	M	
2019	律希	りつき	56	M	
2019	大晴	たいせい	57	M	
2019	仁	じん	57	M	
2019	碧斗	あおと	59	M	
2019	颯斗	はやと	60	M	
2019	歩	あゆむ	60	M	
2019	怜	れい	62	M	
2019	遥斗	はると	63	M	
2019	翼	つばさ	63	M	
2019	奏多	かなた	63	M	
2019	葵	あおい	66	M	
2019	蒼太	そうた	67	M	
2019	琉生	るい	68	M	
2019	楓	かえで	68	M	
2019	壮真	そうま	68	M	
2019	和真	かずま	71	M	
2019	航	わたる	71	M	
2019	大雅	たいが	71	M	
2019	蒼生	あおい	74	M	
2019	颯汰	そうた	75	M	
2019	慧	けい	75	M	
2019	湊翔	みなと	77	M	
2019	奏斗	かなと	78	M	
2019	悠希	はるき	79	M	
2019	匠	たくみ	79	M	
2019	光	ひかる	81	M	
2019	佑	たすく	82	M	
2019	翔太	しょうた	83	M	
2019	涼真	りょうま	84	M	
2019	一輝	いつき	85	M	
2019	大地	だいち	85	M	
2019	健	たける	87	M	
2019	蒼士	そうし	87	M	
2019	太陽	たいよう	89	M	
2019	湊大	そうた	90	M	
2019	湊士	みなと	90	M	
2019	凪	なぎ	92	M	
2019	大輝	だいき	92	M	
2019	奏	かなで	92	M	
2019	湊人	みなと	95	M	
2019	慶	けい	96	M	
2019	一翔	かずと	96	M	
2019	結仁	ゆいと	96	M	
2019	結人	ゆいと	96	M	
2019	大知	だいち	96	M	
2020	陽葵	ひまり	1	F	
2020	結菜	ゆいな	2	F	
2020	莉子	りこ	3	F	
2020	芽依	めい	4	F	
2020	紬	つむぎ	5	F	
2020	葵	あおい	6	F	
2020	陽菜	ひな	7	F	
2020	凛	りん	8	F	
2020	結月	ゆづき	9	F	
2020	澪	みお	10	F	
2020	咲良	さくら	11	F	
2020	結衣	ゆい	12	F	
2020	結愛	ゆあ	13	F	
2020	美月	みつき	14	F	
2020	杏	あん	15	F	
2020	美桜	みお	16	F	
2020	詩	うた	17	F	
2020	朱莉	あかり	18	F	
2020	彩葉	いろは	19	F	
2020	琴葉	ことは	20	F	
2020	凪	なぎ	20	F	
2020	凜	りん	22	F	
2020	芽生	めい	23	F	
2020	杏奈	あんな	24	F	
2020	花	はな	25	F	
2020	心春	こはる	26	F	
2020	さくら	さくら	27	F	
2020	心陽	こはる	28	F	
2020	楓	かえで	29	F	
2020	咲茉	えま	30	F	
2020	心結	みゆ	31	F	
2020	柚葉	ゆずは	32	F	
2020	一花	いちか	33	F	
2020	花音	かのん	34	F	
2020	琴音	ことね	35	F	
2020	紬希	つむぎ	36	F	
2020	陽菜乃	ひなの	37	F	
2020	莉緒	りお	38	F	
2020	一華	いちか	39	F	
2020	鈴	すず	40	F	
2020	ひかり	ひかり	41	F	
2020	柚希	ゆずき	42	F	
2020	愛菜	まな	43	F	
2020	あかり	あかり	44	F	
2020	莉央	りお	45	F	
2020	紗菜	さな	45	F	
2020	和花	わか	47	F	
2020	菫	すみれ	48	F	
2020	美結	みゆ	48	F	
2020	菜月	なつき	50	F	
2020	ひなた	ひなた	51	F	
2020	結	ゆい	52	F	
2020	愛莉	あいり	53	F	
2020	陽咲	ひなた	54	F	
2020	蘭	らん	55	F	
2020	紗良	さら	55	F	
2020	咲希	さき	57	F	
2020	ひまり	ひまり	57	F	
2020	桜	さくら	59	F	
2020	依茉	えま	59	F	
2020	七海	ななみ	61	F	
2020	百花	ももか	62	F	
2020	玲奈	れな	63	F	
2020	紗奈	さな	64	F	
2020	詩乃	しの	65	F	
2020	美琴	みこと	66	F	
2020	柚月	ゆづき	67	F	
2020	光莉	ひかり	68	F	
2020	雫	しずく	69	F	
2020	華	はな	70	F	
2020	明莉	あかり	70	F	
2020	心晴	こはる	70	F	
2020	碧	あおい	73	F	
2020	莉愛	りあ	74	F	
2020	美羽	みう	74	F	
2020	葉月	はづき	76	F	
2020	すず	すず	77	F	
2020	怜奈	れいな	78	F	
2020	栞奈	かんな	79	F	
2020	結心	ゆい	80	F	
2020	彩羽	いろは	80	F	
2020	柚花	ゆずか	82	F	
2020	日葵	ひまり	82	F	
2020	いろは	いろは	84	F	
2020	葵衣	あおい	85	F	
2020	莉帆	りほ	86	F	
2020	音羽	おとは	86	F	
2020	咲花	えみか	86	F	
2020	乃愛	のあ	86	F	
2020	夏帆	かほ	90	F	
2020	咲那	さな	90	F	
2020	美咲	みさき	90	F	
2020	和奏	わかな	93	F	
2020	すみれ	すみれ	93	F	
2020	翠	すい	95	F	
2020	凪紗	なぎさ	96	F	
2020	心遥	こはる	97	F	
2020	唯愛	ゆあ	97	F	
2020	優月	ゆづき	97	F	
2020	柚羽	ゆずは	100	F	
2020	心音	ここね	100	F	
2020	心咲	みさき	100	F	
2020	穂香	ほのか	100	F	
2020	千晴	ちはる	100	F	
2020	蓮	れん	1	M	
2020	陽翔	はると	2	M	
2020	蒼	あおい	3	M	
2020	樹	いつき	4	M	
2020	湊	みなと	5	M	
2020	悠真	ゆうま	6	M	
2020	大翔	ひろと	7	M	
2020	律	りつ	8	M	
2020	朝陽	あさひ	9	M	
2020	結翔	ゆいと	10	M	
2020	湊斗	みなと	11	M	
2020	颯真	そうま	12	M	
2020	碧	あお	13	M	
2020	陽太	ひなた	14	M	
2020	大和	やまと	15	M	
2020	伊織	いおり	16	M	
2020	陽大	ひなた	17	M	
2020	暖	だん	17	M	
2020	颯	はやて	19	M	
2020	新	あらた	20	M	
2020	陽向	ひなた	21	M	
2020	悠人	ゆうと	22	M	
2020	蒼大	そうた	22	M	
2020	悠	はる	24	M	
2020	朔	さく	25	M	
2020	凪	なぎ	26	M	
2020	陽	はる	27	M	
2020	陸	りく	28	M	
2020	陽斗	はると	29	M	
2020	奏太	そうた	30	M	
2020	悠斗	ゆうと	31	M	
2020	旭	あさひ	32	M	
2020	奏汰	かなた	32	M	
2020	蒼真	そうま	34	M	
2020	颯太	そうた	35	M	
2020	岳	がく	36	M	
2020	晴	はる	36	M	
2020	葵	あおい	38	M	
2020	結斗	ゆいと	39	M	
2020	蒼空	そら	40	M	
2020	琉生	るい	41	M	
2020	陸斗	りくと	42	M	
2020	颯人	はやと	43	M	
2020	碧人	あおと	43	M	
2020	瑛太	えいた	45	M	
2020	海翔	かいと	46	M	
2020	怜	れい	47	M	
2020	絢斗	あやと	48	M	
2020	大智	だいち	48	M	
2020	瑛斗	えいと	50	M	
2020	律希	りつき	51	M	
2020	櫂	かい	52	M	
2020	悠翔	はると	53	M	
2020	大晴	たいせい	54	M	
2020	悠生	ゆうせい	55	M	
2020	仁	じん	56	M	
2020	翔	しょう	57	M	
2020	奏多	かなた	57	M	
2020	一颯	いぶき	59	M	
2020	蒼生	あおい	59	M	
2020	晴翔	はると	61	M	
2020	遥斗	はると	62	M	
2020	海斗	かいと	63	M	
2020	楓	かえで	64	M	
2020	蒼太	そうた	65	M	
2020	碧斗	あおと	66	M	
2020	慧	けい	67	M	
2020	壮真	そうま	68	M	
2020	大雅	たいが	69	M	
2020	颯斗	はやと	70	M	
2020	健人	けんと	71	M	
2020	颯汰	そうた	72	M	
2020	蒼士	そうし	72	M	
2020	理人	りひと	74	M	
2020	煌	こう	74	M	
2020	湊翔	みなと	76	M	
2020	涼真	りょうま	77	M	
2020	結人	ゆいと	78	M	
2020	悠希	はるき	79	M	
2020	湊太	そうた	79	M	
2020	歩	あゆむ	79	M	
2020	健	たける	82	M	
2020	凌久	りく	83	M	
2020	湊大	そうた	83	M	
2020	慶	けい	83	M	
2020	蒼人	あおと	86	M	
2020	光	ひかる	87	M	
2020	奏翔	かなと	87	M	
2020	翼	つばさ	89	M	
2020	善	ぜん	90	M	
2020	太陽	たいよう	90	M	
2020	奏	かなで	90	M	
2020	優	ゆう	93	M	
2020	奏斗	かなと	93	M	
2020	柊	しゅう	95	M	
2020	遼	りょう	96	M	
2020	空	そら	96	M	
2020	迅	じん	96	M	
2020	陸人	りくと	99	M	
2020	光希	こうき	100	M	
2020	瑛大	えいた	100	M	
2021	陽葵	ひまり	1	F	
2021	紬	つむぎ	1	F	
2021	凛	りん	3	F	
2021	芽依	めい	4	F	
2021	葵	あおい	5	F	
2021	陽菜	ひな	6	F	
2021	澪	みお	7	F	
2021	莉子	りこ	8	F	
2021	結菜	ゆいな	9	F	
2021	杏	あん	10	F	
2021	結月	ゆづき	11	F	
2021	咲良	さくら	12	F	
2021	琴葉	ことは	13	F	
2021	結衣	ゆい	14	F	
2021	彩葉	いろは	15	F	
2021	結愛	ゆあ	16	F	
2021	詩	うた	17	F	
2021	咲茉	えま	18	F	
2021	心春	こはる	19	F	
2021	凪	なぎ	20	F	
2021	美月	みつき	21	F	
2021	凜	りん	22	F	
2021	美桜	みお	23	F	
2021	紬希	つむぎ	24	F	
2021	楓	かえで	25	F	
2021	芽生	めい	26	F	
2021	さくら	さくら	27	F	
2021	莉緒	りお	28	F	
2021	花	はな	28	F	
2021	莉央	りお	30	F	
2021	陽菜乃	ひなの	30	F	
2021	柚葉	ゆずは	32	F	
2021	朱莉	あかり	33	F	
2021	心陽	こはる	34	F	
2021	心結	みゆ	35	F	
2021	一花	いちか	36	F	
2021	花音	かのん	37	F	
2021	杏奈	あんな	38	F	
2021	柚希	ゆずき	39	F	
2021	翠	すい	40	F	
2021	美結	みゆ	41	F	
2021	蘭	らん	42	F	
2021	依茉	えま	43	F	
2021	雫	しずく	44	F	
2021	光莉	ひかり	45	F	
2021	紗菜	さな	45	F	
2021	鈴	すず	47	F	
2021	ひなた	ひなた	47	F	
2021	紗奈	さな	47	F	
2021	一華	いちか	50	F	
2021	結	ゆい	51	F	
2021	凪咲	なぎさ	52	F	
2021	乃愛	のあ	53	F	
2021	ひかり	ひかり	54	F	
2021	琴音	ことね	55	F	
2021	詩乃	しの	56	F	
2021	碧	あおい	57	F	
2021	菫	すみれ	58	F	
2021	和花	わか	59	F	
2021	あかり	あかり	59	F	
2021	華	はな	61	F	
2021	百花	ももか	61	F	
2021	陽咲	ひなた	63	F	
2021	莉愛	りあ	63	F	
2021	菜月	なつき	65	F	
2021	咲希	さき	66	F	
2021	心晴	こはる	67	F	
2021	すず	すず	68	F	
2021	紗良	さら	68	F	
2021	桜	さくら	70	F	
2021	明莉	あかり	71	F	
2021	風花	ふうか	72	F	
2021	美羽	みう	73	F	
2021	葉月	はづき	74	F	
2021	愛莉	あいり	74	F	
2021	愛茉	えま	74	F	
2021	莉帆	りほ	77	F	
2021	ひまり	ひまり	77	F	
2021	愛菜	まな	77	F	
2021	柚月	ゆづき	80	F	
2021	玲奈	れな	81	F	
2021	希帆	きほ	82	F	
2021	凪紗	なぎさ	82	F	
2021	結葵	ゆあ	84	F	
2021	結心	ゆい	84	F	
2021	彩羽	いろは	86	F	
2021	日葵	ひまり	86	F	
2021	彩心	あこ	88	F	
2021	実桜	みお	89	F	
2021	美琴	みこと	89	F	
2021	すみれ	すみれ	91	F	
2021	七海	ななみ	91	F	
2021	柚花	ゆずか	93	F	
2021	咲	さき	94	F	
2021	千晴	ちはる	94	F	
2021	夏帆	かほ	96	F	
2021	陽	はる	97	F	
2021	乙葉	おとは	97	F	
2021	心音	ここね	97	F	
2021	咲花	えみか	100	F	
2021	つむぎ	つむぎ	100	F	
2021	日和	ひより	100	F	
2021	蓮	れん	1	M	
2021	陽翔	はると	2	M	
2021	蒼	あおい	3	M	
2021	樹	いつき	4	M	
2021	湊	みなと	5	M	
2021	朝陽	あさひ	5	M	
2021	碧	あお	7	M	
2021	大翔	ひろと	8	M	
2021	律	りつ	9	M	
2021	暖	だん	10	M	
2021	伊織	いおり	11	M	
2021	陽向	ひなた	12	M	
2021	颯真	そうま	13	M	
2021	湊斗	みなと	14	M	
2021	悠真	ゆうま	15	M	
2021	蒼空	そら	16	M	
2021	大和	やまと	17	M	
2021	結翔	ゆいと	18	M	
2021	陽太	ひなた	19	M	
2021	颯	はやて	20	M	
2021	陽	はる	21	M	
2021	陸	りく	22	M	
2021	凪	なぎ	23	M	
2021	陽大	ひなた	24	M	
2021	蒼大	そうた	25	M	
2021	朔	さく	26	M	
2021	琉生	るい	27	M	
2021	新	あらた	28	M	
2021	悠人	ゆうと	29	M	
2021	一颯	いぶき	30	M	
2021	悠	ゆう	31	M	
2021	陽斗	はると	32	M	
2021	碧人	あおと	33	M	
2021	蒼真	そうま	33	M	
2021	悠斗	ゆうと	35	M	
2021	晴	はる	36	M	
2021	旭	あさひ	37	M	
2021	結斗	ゆいと	38	M	
2021	颯太	そうた	39	M	
2021	奏汰	かなた	39	M	
2021	怜	れい	41	M	
2021	碧斗	あおと	41	M	
2021	奏太	そうた	43	M	
2021	岳	がく	44	M	
2021	律希	りつき	45	M	
2021	海翔	かいと	46	M	
2021	大晴	たいせい	46	M	
2021	颯人	はやと	48	M	
2021	晴翔	はると	48	M	
2021	葵	あおい	50	M	
2021	陸斗	りくと	51	M	
2021	海斗	かいと	51	M	
2021	楓	かえで	53	M	
2021	悠翔	はると	54	M	
2021	櫂	かい	55	M	
2021	悠生	ゆうせい	56	M	
2021	絢斗	あやと	57	M	
2021	遥斗	はると	58	M	
2021	湊翔	みなと	59	M	
2021	仁	じん	59	M	
2021	蒼生	あおい	59	M	
2021	大智	だいち	62	M	
2021	颯汰	そうた	63	M	
2021	蒼太	そうた	64	M	
2021	伊吹	いぶき	65	M	
2021	翔	しょう	66	M	
2021	光	ひかる	67	M	
2021	慧	けい	68	M	
2021	壮真	そうま	69	M	
2021	慶	けい	70	M	
2021	奏多	かなた	70	M	
2021	颯斗	はやと	72	M	
2021	光希	こうき	73	M	
2021	凌久	りく	74	M	
2021	蒼翔	あおと	75	M	
2021	瑛太	えいた	76	M	
2021	悠希	はるき	77	M	
2021	楓真	ふうま	77	M	
2021	蒼人	あおと	79	M	
2021	歩	あゆむ	80	M	
2021	理人	りひと	81	M	
2021	空	そら	81	M	
2021	太陽	たいよう	83	M	
2021	迅	じん	84	M	
2021	結仁	ゆいと	85	M	
2021	湊人	みなと	86	M	
2021	煌	こう	86	M	
2021	大雅	たいが	86	M	
2021	陸人	りくと	89	M	
2021	奏翔	かなと	90	M	
2021	翼	つばさ	91	M	
2021	結人	ゆいと	91	M	
2021	蒼士	そうし	91	M	
2021	湊太	そうた	94	M	
2021	湊大	そうた	95	M	
2021	佑	たすく	96	M	
2021	理玖	りく	96	M	
2021	廉	れん	96	M	
2021	桔平	きっぺい	96	M	
2021	健人	けんと	96	M	
2021	善	ぜん	96	M	
2022	陽葵	ひまり	1	F	
2022	凛	りん	2	F	
2022	結菜	ゆいな	3	F	
2022	芽依	めい	4	F	
2022	詩	うた	5	F	
2022	陽菜	ひな	6	F	
2022	葵	あおい	7	F	
2022	莉子	りこ	8	F	
2022	紬	つむぎ	9	F	
2022	咲茉	えま	10	F	
2022	結愛	ゆあ	11	F	
2022	澪	みお	12	F	
2022	結月	ゆづき	13	F	
2022	杏	あん	14	F	
2022	咲良	さくら	15	F	
2022	翠	すい	16	F	
2022	琴葉	ことは	17	F	
2022	結衣	ゆい	18	F	
2022	彩葉	いろは	19	F	
2022	心春	こはる	20	F	
2022	美桜	みお	21	F	
2022	凪	なぎ	22	F	
2022	柚葉	ゆずは	23	F	
2022	心陽	こはる	24	F	
2022	莉緒	りお	25	F	
2022	莉央	りお	26	F	
2022	朱莉	あかり	27	F	
2022	美月	みつき	28	F	
2022	凜	りん	29	F	
2022	さくら	さくら	29	F	
2022	凪咲	なぎさ	29	F	
2022	心結	みゆ	32	F	
2022	芽生	めい	33	F	
2022	依茉	えま	34	F	
2022	杏奈	あんな	35	F	
2022	陽菜乃	ひなの	36	F	
2022	紗奈	さな	36	F	
2022	光莉	ひかり	38	F	
2022	楓	かえで	39	F	
2022	愛茉	えま	40	F	
2022	紗菜	さな	40	F	
2022	花	はな	42	F	
2022	蘭	らん	43	F	
2022	陽咲	ひなた	44	F	
2022	一華	いちか	44	F	
2022	花音	かのん	46	F	
2022	ひなた	ひなた	47	F	
2022	紬希	つむぎ	47	F	
2022	琴音	ことね	49	F	
2022	莉愛	りあ	50	F	
2022	風花	ふうか	50	F	
2022	一花	いちか	52	F	
2022	心晴	こはる	53	F	
2022	柚希	ゆずき	54	F	
2022	美結	みゆ	55	F	
2022	和花	わか	56	F	
2022	詩乃	しの	57	F	
2022	凪紗	なぎさ	57	F	
2022	乃愛	のあ	59	F	
2022	茉白	ましろ	60	F	
2022	鈴	すず	61	F	
2022	百花	ももか	62	F	
2022	結	ゆい	63	F	
2022	雫	しずく	64	F	
2022	碧	あおい	65	F	
2022	ひかり	ひかり	66	F	
2022	結葵	ゆあ	66	F	
2022	桜	さくら	68	F	
2022	あかり	あかり	68	F	
2022	柚乃	ゆの	70	F	
2022	紗良	さら	71	F	
2022	愛莉	あいり	72	F	
2022	咲那	さな	72	F	
2022	明莉	あかり	74	F	
2022	結心	ゆな	75	F	
2022	菜月	なつき	76	F	
2022	永茉	えま	77	F	
2022	七海	ななみ	77	F	
2022	葵衣	あおい	79	F	
2022	愛菜	まな	80	F	
2022	絃葉	いとは	81	F	
2022	咲希	さき	81	F	
2022	ひまり	ひまり	83	F	
2022	すず	すず	83	F	
2022	菫	すみれ	85	F	
2022	彩羽	いろは	86	F	
2022	美羽	みう	86	F	
2022	渚	なぎさ	88	F	
2022	玲奈	れな	89	F	
2022	結乃	ゆの	89	F	
2022	紬葵	つむぎ	91	F	
2022	柚月	ゆづき	92	F	
2022	柚羽	ゆずは	92	F	
2022	六花	りっか	92	F	
2022	恵茉	えま	92	F	
2022	絃	いと	96	F	
2022	ひより	ひより	96	F	
2022	実桜	みお	96	F	
2022	梨乃	りの	99	F	
2022	華	はな	99	F	
2022	碧	あお	1	M	
2022	陽翔	はると	2	M	
2022	蒼	あおい	3	M	
2022	朝陽	あさひ	4	M	
2022	蓮	れん	5	M	
2022	湊	みなと	6	M	
2022	結翔	ゆいと	7	M	
2022	悠真	ゆうま	8	M	
2022	陽向	ひなた	9	M	
2022	樹	いつき	9	M	
2022	律	りつ	11	M	
2022	暖	だん	12	M	
2022	大翔	ひろと	13	M	
2022	颯真	そうま	14	M	
2022	大和	やまと	15	M	
2022	凪	なぎ	16	M	
2022	蒼空	そら	17	M	
2022	伊織	いおり	18	M	
2022	湊斗	みなと	19	M	
2022	陽	はる	20	M	
2022	琉生	るい	21	M	
2022	朔	さく	22	M	
2022	颯	はやて	23	M	
2022	晴	はる	24	M	
2022	陽大	ひなた	25	M	
2022	陽斗	はると	26	M	
2022	陽太	ひなた	27	M	
2022	新	あらた	27	M	
2022	碧人	あおと	29	M	
2022	蒼大	そうた	30	M	
2022	陸	りく	31	M	
2022	悠	ゆう	31	M	
2022	旭	あさひ	33	M	
2022	悠人	ゆうと	34	M	
2022	結斗	ゆいと	35	M	
2022	碧斗	あおと	36	M	
2022	蒼真	そうま	37	M	
2022	大雅	たいが	38	M	
2022	悠翔	はると	39	M	
2022	奏汰	かなた	40	M	
2022	岳	がく	41	M	
2022	颯太	そうた	42	M	
2022	湊翔	みなと	43	M	
2022	悠斗	ゆうと	44	M	
2022	大晴	たいせい	45	M	
2022	晴翔	はると	46	M	
2022	葵	あおい	47	M	
2022	律希	りつき	48	M	
2022	悠生	ゆうせい	49	M	
2022	一颯	いぶき	49	M	
2022	怜	れい	51	M	
2022	奏翔	かなと	52	M	
2022	琥太郎	こたろう	53	M	
2022	颯人	はやと	53	M	
2022	海翔	かいと	55	M	
2022	絢斗	あやと	56	M	
2022	楓	かえで	57	M	
2022	櫂	かい	57	M	
2022	蒼生	あおい	59	M	
2022	楓真	ふうま	60	M	
2022	海斗	かいと	60	M	
2022	陸斗	りくと	62	M	
2022	奏太	かなた	63	M	
2022	仁	じん	64	M	
2022	大河	たいが	65	M	
2022	湊大	そうた	66	M	
2022	蒼翔	あおと	66	M	
2022	柊	しゅう	68	M	
2022	善	ぜん	69	M	
2022	翔	しょう	70	M	
2022	颯汰	そうた	71	M	
2022	奏多	かなた	71	M	
2022	颯斗	はやと	73	M	
2022	壮真	そうま	74	M	
2022	凌久	りく	75	M	
2022	千颯	ちはや	76	M	
2022	怜央	れお	77	M	
2022	遥斗	はると	77	M	
2022	空	そら	77	M	
2022	理人	りひと	80	M	
2022	歩	あゆむ	81	M	
2022	迅	じん	81	M	
2022	虎太郎	こたろう	83	M	
2022	結仁	ゆいと	84	M	
2022	光希	こうき	84	M	
2022	千隼	ちはや	84	M	
2022	悠陽	ゆうひ	87	M	
2022	大智	だいち	88	M	
2022	伊吹	いぶき	89	M	
2022	瑛太	えいた	89	M	
2022	蒼士	そうし	89	M	
2022	理仁	りひと	92	M	
2022	結人	ゆいと	93	M	
2022	湊音	みなと	94	M	
2022	奏斗	かなと	95	M	
2022	陽葵	ひなた	96	M	
2022	凌空	りく	96	M	
2022	理玖	りく	96	M	
2022	想	そう	96	M	
2022	響	ひびき	100	M	
2022	蒼太	そうた	100	M	
2023	陽葵	ひまり	1	F	
2023	凛	りん	2	F	
2023	翠	すい	3	F	
2023	紬	つむぎ	4	F	
2023	結菜	ゆいな	5	F	
2023	陽菜	ひな	6	F	
2023	芽依	めい	7	F	
2023	葵	あおい	8	F	
2023	結愛	ゆあ	9	F	
2023	莉子	りこ	10	F	
2023	咲茉	えま	10	F	
2023	澪	みお	12	F	
2023	琴葉	ことは	13	F	
2023	杏	あん	14	F	
2023	結月	ゆづき	15	F	
2023	彩葉	いろは	16	F	
2023	咲良	さくら	17	F	
2023	紬希	つむぎ	18	F	
2023	心陽	こはる	19	F	
2023	詩	うた	20	F	
2023	凪	なぎ	21	F	
2023	結衣	ゆい	22	F	
2023	美桜	みお	23	F	
2023	紗菜	さな	24	F	
2023	紬葵	つむぎ	25	F	
2023	凜	りん	26	F	
2023	心春	こはる	26	F	
2023	凪咲	なぎさ	28	F	
2023	莉緒	りお	29	F	
2023	莉央	りお	30	F	
2023	柚葉	ゆずは	30	F	
2023	芽生	めい	32	F	
2023	風花	ふうか	33	F	
2023	依茉	えま	34	F	
2023	陽菜乃	ひなの	35	F	
2023	紗奈	さな	36	F	
2023	一華	いちか	37	F	
2023	美月	みつき	38	F	
2023	楓	かえで	39	F	
2023	茉白	ましろ	40	F	
2023	心晴	こはる	41	F	
2023	心結	みゆ	41	F	
2023	蘭	らん	43	F	
2023	さくら	さくら	43	F	
2023	乃愛	のあ	43	F	
2023	朱莉	あかり	46	F	
2023	愛茉	えま	47	F	
2023	絃葉	いとは	48	F	
2023	莉愛	りあ	49	F	
2023	光莉	ひかり	49	F	
2023	柚乃	ゆの	49	F	
2023	結	ゆい	52	F	
2023	凪紗	なぎさ	52	F	
2023	美結	みゆ	54	F	
2023	鈴	すず	55	F	
2023	琴音	ことね	56	F	
2023	菫	すみれ	57	F	
2023	杏奈	あんな	57	F	
2023	雫	しずく	59	F	
2023	咲那	さな	59	F	
2023	ひなた	ひなた	59	F	
2023	花	はな	62	F	
2023	花音	かのん	62	F	
2023	陽咲	ひなた	64	F	
2023	紗良	さら	64	F	
2023	柚希	ゆずき	64	F	
2023	明莉	あかり	67	F	
2023	一花	いちか	68	F	
2023	百花	ももか	69	F	
2023	陽彩	ひいろ	70	F	
2023	桜	さくら	71	F	
2023	詩乃	しの	72	F	
2023	柚羽	ゆずは	72	F	
2023	和花	わか	74	F	
2023	ひかり	ひかり	75	F	
2023	茉莉	まつり	76	F	
2023	碧	あお	77	F	
2023	葉月	はづき	78	F	
2023	愛菜	まな	78	F	
2023	菜月	なつき	78	F	
2023	すず	すず	78	F	
2023	柚月	ゆづき	82	F	
2023	六花	りっか	83	F	
2023	結葵	ゆあ	84	F	
2023	玲奈	れな	85	F	
2023	涼葉	すずは	86	F	
2023	彩心	あこ	87	F	
2023	瑠花	るか	88	F	
2023	絃	いと	89	F	
2023	彩羽	いろは	89	F	
2023	音羽	おとは	89	F	
2023	結乃	ゆの	92	F	
2023	結心	ゆな	93	F	
2023	依采	いと	93	F	
2023	咲奈	さな	93	F	
2023	咲凪	さな	93	F	
2023	七海	ななみ	97	F	
2023	永茉	えま	97	F	
2023	望愛	のあ	99	F	
2023	凪沙	なぎさ	100	F	
2023	美琴	みこと	100	F	
2023	蓮	れん	1	M	
2023	碧	あお	2	M	
2023	陽翔	はると	3	M	
2023	湊	みなと	4	M	
2023	蒼	あおい	5	M	
2023	朝陽	あさひ	6	M	
2023	凪	なぎ	7	M	
2023	湊斗	みなと	8	M	
2023	暖	だん	9	M	
2023	律	りつ	10	M	
2023	蒼空	そら	11	M	
2023	結翔	ゆいと	12	M	
2023	颯真	そうま	13	M	
2023	樹	いつき	14	M	
2023	陽向	ひなた	15	M	
2023	颯	そう	15	M	
2023	大和	やまと	17	M	
2023	伊織	いおり	18	M	
2023	悠真	ゆうま	19	M	
2023	琉生	るい	20	M	
2023	大翔	ひろと	21	M	
2023	陽	はる	22	M	
2023	朔	さく	23	M	
2023	旭	あさひ	24	M	
2023	新	あらた	25	M	
2023	想	そう	26	M	
2023	陽大	ひなた	27	M	
2023	蒼大	そうた	28	M	
2023	碧人	あおと	29	M	
2023	颯太	そうた	30	M	
2023	碧斗	あおと	31	M	
2023	陽太	ひなた	32	M	
2023	結斗	ゆいと	33	M	
2023	晴	はる	33	M	
2023	陽斗	はると	35	M	
2023	悠人	ゆうと	36	M	
2023	律希	りつき	37	M	
2023	蒼真	そうま	38	M	
2023	陸	りく	39	M	
2023	一颯	いぶき	40	M	
2023	悠	ゆう	41	M	
2023	湊翔	みなと	42	M	
2023	大晴	たいせい	42	M	
2023	蒼翔	あおと	44	M	
2023	悠翔	ゆうと	45	M	
2023	晴翔	はると	46	M	
2023	楓真	ふうま	47	M	
2023	奏汰	かなた	48	M	
2023	蒼生	あおい	48	M	
2023	奏太	かなた	50	M	
2023	海翔	かいと	51	M	
2023	楓	かえで	52	M	
2023	悠生	ゆうせい	53	M	
2023	悠斗	ゆうと	54	M	
2023	悠陽	ゆうひ	55	M	
2023	湊音	みなと	56	M	
2023	岳	がく	56	M	
2023	柊	しゅう	58	M	
2023	理玖	りく	59	M	
2023	湊大	そうた	60	M	
2023	奏多	かなた	61	M	
2023	櫂	かい	62	M	
2023	怜	れい	62	M	
2023	空	そら	62	M	
2023	壮真	そうま	62	M	
2023	葵	あおい	66	M	
2023	千颯	ちはや	67	M	
2023	陸斗	りくと	68	M	
2023	奏翔	かなと	68	M	
2023	遥斗	はると	70	M	
2023	翔	しょう	71	M	
2023	颯汰	そうた	71	M	
2023	絢斗	あやと	73	M	
2023	翠	すい	74	M	
2023	仁	じん	74	M	
2023	伊吹	いぶき	76	M	
2023	琉翔	るいと	77	M	
2023	陽奏	ひなた	78	M	
2023	歩	あゆむ	78	M	
2023	怜央	れお	78	M	
2023	蒼太	そうた	81	M	
2023	颯人	はやと	82	M	
2023	海斗	かいと	83	M	
2023	凛	りん	84	M	
2023	凌久	りく	84	M	
2023	理仁	りひと	86	M	
2023	颯斗	はやと	86	M	
2023	善	ぜん	88	M	
2023	叶翔	かなと	89	M	
2023	千隼	ちはや	89	M	
2023	蒼人	あおと	89	M	
2023	理人	りひと	92	M	
2023	昴	すばる	92	M	
2023	瑛太	えいた	92	M	
2023	蒼士	そうし	95	M	
2023	慶	けい	96	M	
2023	絃	いと	96	M	
2023	大智	だいち	96	M	
2023	太陽	たいよう	96	M	
2023	湊太	そうた	100	M	
2023	結人	ゆいと	100	M	
2024	凛	りん	1	F	
2024	陽葵	ひまり	2	F	
2024	翠	すい	3	F	
2024	芽依	めい	4	F	
2024	紬	つむぎ	5	F	
2024	葵	あおい	6	F	
2024	杏	あん	7	F	
2024	結菜	ゆいな	8	F	
2024	澪	みお	9	F	
2024	琴葉	ことは	9	F	
2024	結月	ゆづき	11	F	
2024	陽菜	ひな	12	F	
2024	結愛	ゆあ	13	F	
2024	莉子	りこ	14	F	
2024	彩葉	いろは	15	F	
2024	凪	なぎ	16	F	
2024	咲茉	えま	17	F	
2024	紗菜	さな	18	F	
2024	凪咲	なぎさ	19	F	
2024	紬希	つむぎ	20	F	
2024	美桜	みお	21	F	
2024	咲良	さくら	22	F	
2024	心陽	こはる	22	F	
2024	芽生	めい	24	F	
2024	心春	こはる	24	F	
2024	紗奈	さな	26	F	
2024	茉白	ましろ	27	F	
2024	乃愛	のあ	28	F	
2024	詩	うた	29	F	
2024	紬葵	つむぎ	29	F	
2024	柚葉	ゆずは	31	F	
2024	結衣	ゆい	32	F	
2024	愛茉	えま	32	F	
2024	絃葉	いとは	34	F	
2024	蘭	らん	35	F	
2024	心晴	こはる	36	F	
2024	凪紗	なぎさ	37	F	
2024	咲那	さな	38	F	
2024	陽菜乃	ひなの	39	F	
2024	美月	みつき	40	F	
2024	柚乃	ゆの	40	F	
2024	琴音	ことね	42	F	
2024	一華	いちか	43	F	
2024	さくら	さくら	43	F	
2024	心結	みゆ	45	F	
2024	風花	ふうか	46	F	
2024	莉愛	りあ	47	F	
2024	楓	かえで	48	F	
2024	陽咲	ひなた	49	F	
2024	朱莉	あかり	49	F	
2024	凜	りん	51	F	
2024	花	はな	52	F	
2024	莉緒	りお	53	F	
2024	光莉	ひかり	54	F	
2024	杏奈	あんな	54	F	
2024	六花	りっか	56	F	
2024	花音	かのん	57	F	
2024	陽彩	ひいろ	58	F	
2024	依茉	えま	59	F	
2024	莉央	りお	60	F	
2024	結葵	ゆあ	61	F	
2024	百花	ももか	62	F	
2024	詩葉	うたは	63	F	
2024	依采	いと	64	F	
2024	咲凪	さな	64	F	
2024	結	ゆい	64	F	
2024	茉莉	まつり	67	F	
2024	雫	しずく	67	F	
2024	愛菜	まな	69	F	
2024	永茉	えま	70	F	
2024	藍	らん	71	F	
2024	咲奈	さな	71	F	
2024	菫	すみれ	73	F	
2024	一花	いちか	74	F	
2024	彩羽	いろは	75	F	
2024	碧	あお	75	F	
2024	柚希	ゆずき	75	F	
2024	結乃	ゆの	78	F	
2024	実桜	みお	78	F	
2024	美結	みゆ	78	F	
2024	鈴	すず	81	F	
2024	ひなた	ひなた	82	F	
2024	すず	すず	83	F	
2024	桜都	おと	83	F	
2024	明莉	あかり	83	F	
2024	紗良	さら	83	F	
2024	和花	わか	87	F	
2024	ひかり	ひかり	87	F	
2024	凪沙	なぎさ	87	F	
2024	涼葉	すずは	90	F	
2024	絃	いと	90	F	
2024	柚月	ゆづき	90	F	
2024	音羽	おとは	93	F	
2024	詩乃	しの	94	F	
2024	芽郁	めい	94	F	
2024	椿	つばき	96	F	
2024	華	はな	97	F	
2024	晴	はる	98	F	
2024	悠乃	ゆの	98	F	
2024	望愛	のあ	98	F	
2024	碧	あお	1	M	
2024	蓮	れん	2	M	
2024	凪	なぎ	3	M	
2024	陽翔	はると	4	M	
2024	湊	みなと	5	M	
2024	朝陽	あさひ	6	M	
2024	暖	だん	7	M	
2024	蒼空	そら	8	M	
2024	結翔	ゆいと	9	M	
2024	律	りつ	10	M	
2024	陽向	ひなた	11	M	
2024	湊斗	みなと	12	M	
2024	颯	そう	13	M	
2024	颯真	そうま	14	M	
2024	琉生	るい	15	M	
2024	蒼	あおい	16	M	
2024	悠真	ゆうま	17	M	
2024	晴	はる	18	M	
2024	伊織	いおり	19	M	
2024	陽	はる	20	M	
2024	朔	さく	21	M	
2024	樹	いつき	22	M	
2024	大和	やまと	23	M	
2024	陽大	ひなた	24	M	
2024	大翔	ひろと	25	M	
2024	旭	あさひ	26	M	
2024	湊翔	みなと	27	M	
2024	碧斗	あおと	28	M	
2024	颯太	そうた	29	M	
2024	蒼大	そうた	30	M	
2024	千颯	ちはや	31	M	
2024	律希	りつき	32	M	
2024	一颯	いぶき	33	M	
2024	蒼真	そうま	34	M	
2024	陽太	ひなた	35	M	
2024	新	あらた	36	M	
2024	翠	すい	36	M	
2024	葵	あおい	38	M	
2024	藍	らん	39	M	
2024	楓真	ふうま	40	M	
2024	想	そう	40	M	
2024	悠	ゆう	42	M	
2024	奏汰	かなた	43	M	
2024	陽斗	はると	44	M	
2024	悠人	ゆうと	45	M	
2024	颯汰	そうた	46	M	
2024	蒼生	あおい	47	M	
2024	岳	がく	48	M	
2024	海翔	かいと	48	M	
2024	櫂	かい	50	M	
2024	理玖	りく	50	M	
2024	陸	りく	52	M	
2024	仁	じん	53	M	
2024	碧人	あおと	53	M	
2024	大晴	たいせい	53	M	
2024	理仁	りひと	56	M	
2024	悠陽	ゆうひ	57	M	
2024	怜	れい	58	M	
2024	奏翔	かなと	59	M	
2024	奏太	かなた	60	M	
2024	湊音	みなと	61	M	
2024	柊	しゅう	61	M	
2024	琉翔	るいと	63	M	
2024	晴翔	はると	63	M	
2024	千隼	ちはや	65	M	
2024	結斗	ゆいと	66	M	
2024	晴琉	はる	67	M	
2024	太陽	たいよう	68	M	
2024	悠翔	はると	69	M	
2024	悠斗	ゆうと	69	M	
2024	空	そら	69	M	
2024	海斗	かいと	72	M	
2024	湊大	そうた	73	M	
2024	奏多	かなた	73	M	
2024	陽奏	ひなた	75	M	
2024	悠生	ゆうせい	75	M	
2024	翔	しょう	77	M	
2024	颯斗	はやと	78	M	
2024	楓	かえで	78	M	
2024	悠月	ゆづき	80	M	
2024	叶翔	かなと	80	M	
2024	遥斗	はると	82	M	
2024	蒼翔	あおと	82	M	
2024	凌空	りく	84	M	
2024	絢斗	あやと	84	M	
2024	朔久	さく	86	M	
2024	奏	かなで	86	M	
2024	陽琉	はる	88	M	
2024	颯人	はやと	88	M	
2024	伊吹	いぶき	90	M	
2024	陸斗	りくと	91	M	
2024	理人	りひと	91	M	
2024	奏斗	かなと	91	M	
2024	昴	すばる	94	M	
2024	薫	かおる	95	M	
2024	航	わたる	96	M	
2024	蒼人	あおと	96	M	
2024	旭陽	あさひ	98	M	
2024	然	ぜん	98	M	
2024	朔空	さく	100	M	
2025	翠	すい	1	F	
2025	陽葵	ひまり	2	F	
2025	凛	りん	3	F	
2025	芽依	めい	4	F	
2025	陽菜	ひな	5	F	
2025	葵	あおい	6	F	
2025	琴葉	ことは	7	F	
2025	紬	つむぎ	8	F	
2025	結月	ゆづき	9	F	
2025	澪	みお	10	F	
2025	結菜	ゆいな	10	F	
2025	茉白	ましろ	12	F	
2025	結愛	ゆあ	13	F	
2025	心陽	こはる	14	F	
2025	彩葉	いろは	15	F	
2025	紬希	つむぎ	16	F	
2025	咲茉	えま	17	F	
2025	美桜	みお	18	F	
2025	杏	あん	19	F	
2025	咲良	さくら	20	F	
2025	莉子	りこ	21	F	
2025	凪	なぎ	22	F	
2025	紬葵	つむぎ	22	F	
2025	紗菜	さな	24	F	
2025	結衣	ゆい	25	F	
2025	詩	うた	26	F	
2025	心春	こはる	26	F	
2025	絃葉	いとは	28	F	
2025	凪咲	なぎさ	29	F	
2025	蘭	らん	30	F	
2025	柚葉	ゆずは	31	F	
2025	芽生	めい	32	F	
2025	愛茉	えま	33	F	
2025	陽菜乃	ひなの	34	F	
2025	雫	しずく	35	F	
2025	紗奈	さな	36	F	
2025	桜都	おと	37	F	
2025	凪紗	なぎさ	38	F	
2025	結	ゆい	39	F	
2025	一華	いちか	39	F	
2025	風花	ふうか	41	F	
2025	美月	みつき	42	F	
2025	凜	りん	43	F	
2025	乃愛	のあ	44	F	
2025	桜	さくら	45	F	
2025	咲那	さな	46	F	
2025	心晴	こはる	46	F	
2025	柚乃	ゆの	48	F	
2025	心結	みゆ	48	F	
2025	莉緒	りお	50	F	
2025	さくら	さくら	50	F	
2025	朱莉	あかり	52	F	
2025	結葵	ゆあ	52	F	
2025	花音	かのん	52	F	
2025	陽彩	ひいろ	52	F	
2025	茉莉	まつり	56	F	
2025	心都	こと	56	F	
2025	琴音	ことね	58	F	
2025	依茉	えま	59	F	
2025	杏奈	あんな	60	F	
2025	光莉	ひかり	60	F	
2025	彩羽	いろは	60	F	
2025	花	はな	60	F	
2025	咲奈	さな	64	F	
2025	詩葉	うたは	65	F	
2025	莉愛	りあ	66	F	
2025	美琴	みこと	67	F	
2025	晴	はる	68	F	
2025	六花	りっか	69	F	
2025	実桜	みお	69	F	
2025	紗良	さら	69	F	
2025	咲凪	さな	72	F	
2025	一花	いちか	72	F	
2025	百花	ももか	72	F	
2025	涼葉	すずは	75	F	
2025	莉央	りお	76	F	
2025	天音	あまね	76	F	
2025	楓	かえで	76	F	
2025	柚希	ゆずき	79	F	
2025	永茉	えま	80	F	
2025	陽咲	ひなた	80	F	
2025	菫	すみれ	82	F	
2025	明莉	あかり	82	F	
2025	虹心	にこ	84	F	
2025	音羽	おとは	85	F	
2025	ひまり	ひまり	86	F	
2025	望愛	のあ	87	F	
2025	瑠花	るか	87	F	
2025	ひなた	ひなた	89	F	
2025	依采	いと	90	F	
2025	藍	らん	90	F	
2025	結乃	ゆの	92	F	
2025	双葉	ふたば	93	F	
2025	碧	あおい	93	F	
2025	咲舞	えま	95	F	
2025	凪沙	なぎさ	95	F	
2025	美羽	みう	95	F	
2025	菜月	なつき	98	F	
2025	咲来	さら	98	F	
2025	千晴	ちはる	98	F	
2025	柚羽	ゆずは	98	F	
2025	日葵	ひまり	98	F	
2025	碧	あお	1	M	
2025	湊	みなと	2	M	
2025	陽翔	はると	3	M	
2025	朝陽	あさひ	4	M	
2025	蓮	れん	5	M	
2025	結翔	ゆいと	6	M	
2025	凪	なぎ	7	M	
2025	晴	はる	8	M	
2025	蒼空	そら	9	M	
2025	律	りつ	10	M	
2025	湊斗	みなと	10	M	
2025	颯真	そうま	12	M	
2025	朔	さく	13	M	
2025	暖	だん	14	M	
2025	琉生	るい	15	M	
2025	陽向	ひなた	16	M	
2025	樹	いつき	17	M	
2025	颯	そう	18	M	
2025	陽	はる	19	M	
2025	大和	やまと	20	M	
2025	伊織	いおり	21	M	
2025	悠真	ゆうま	22	M	
2025	蒼	あお	23	M	
2025	大翔	ひろと	24	M	
2025	湊翔	みなと	25	M	
2025	藍	らん	26	M	
2025	陽大	ひなた	27	M	
2025	千颯	ちはや	28	M	
2025	碧斗	あおと	29	M	
2025	陽斗	はると	30	M	
2025	蒼真	そうま	30	M	
2025	一颯	いぶき	32	M	
2025	旭	あさひ	33	M	
2025	翠	すい	34	M	
2025	律希	りつき	35	M	
2025	大晴	たいせい	36	M	
2025	陽太	ひなた	37	M	
2025	仁	じん	37	M	
2025	颯太	そうた	39	M	
2025	千隼	ちはや	40	M	
2025	奏汰	かなた	40	M	
2025	蒼大	そうた	40	M	
2025	櫂	かい	43	M	
2025	葵	あおい	43	M	
2025	悠陽	ゆうひ	45	M	
2025	理玖	りく	46	M	
2025	奏翔	かなと	47	M	
2025	新	あらた	48	M	
2025	想	そう	49	M	
2025	岳	がく	50	M	
2025	蒼生	あおい	50	M	
2025	善	ぜん	52	M	
2025	奏多	かなた	53	M	
2025	晴翔	はると	53	M	
2025	柊	しゅう	55	M	
2025	悠	ゆう	56	M	
2025	奏太	かなた	57	M	
2025	結斗	ゆいと	58	M	
2025	碧人	あおと	58	M	
2025	海翔	かいと	60	M	
2025	蒼翔	あおと	60	M	
2025	湊音	みなと	62	M	
2025	理仁	りひと	63	M	
2025	颯汰	そうた	64	M	
2025	楓真	ふうま	65	M	
2025	湊大	みなと	65	M	
2025	琉翔	るいと	67	M	
2025	絢斗	あやと	68	M	
2025	悠人	ゆうと	68	M	
2025	陽奏	ひなた	70	M	
2025	伊吹	いぶき	70	M	
2025	然	ぜん	70	M	
2025	晴琉	はる	73	M	
2025	陸	りく	74	M	
2025	遥斗	はると	75	M	
2025	叶翔	かなと	75	M	
2025	悠生	ゆうせい	75	M	
2025	悠斗	ゆうと	78	M	
2025	千紘	ちひろ	78	M	
2025	海斗	かいと	80	M	
2025	理人	りひと	81	M	
2025	怜央	れお	82	M	
2025	陽琉	はる	83	M	
2025	翔	しょう	83	M	
2025	壮真	そうま	83	M	
2025	颯人	はやと	86	M	
2025	慶	けい	86	M	
2025	凌久	りく	88	M	
2025	旭陽	あさひ	88	M	
2025	楓	かえで	88	M	
2025	怜	れい	91	M	
2025	耀	よう	92	M	
2025	陸斗	りくと	92	M	
2025	咲翔	さくと	94	M	
2025	結仁	ゆいと	94	M	
2025	悠翔	はると	94	M	
2025	太陽	たいよう	94	M	
2025	琉叶	るか	98	M	
2025	颯斗	はやと	98	M	
2025	慧	けい	98	M	
