year	gender	rank	orth	pron	prev_rank	sample_n	url	src
2018	M	2018	名前	主な読み	2017年順位		https://www.akachan.jp/maternity/ranking/2018/boy/	akachan
2018	M	1	蓮	れん	1位		https://www.akachan.jp/maternity/ranking/2018/boy/	akachan
2018	M	2	大翔	ひろと	4位		https://www.akachan.jp/maternity/ranking/2018/boy/	akachan
2018	M	3	陽翔	はると	6位		https://www.akachan.jp/maternity/ranking/2018/boy/	akachan
2018	M	4	樹	いつき	8位		https://www.akachan.jp/maternity/ranking/2018/boy/	akachan
2018	M	5	湊	みなと	3位		https://www.akachan.jp/maternity/ranking/2018/boy/	akachan
2018	M	6	大和	やまと	11位		https://www.akachan.jp/maternity/ranking/2018/boy/	akachan
2018	M	7	悠人	ゆうと	5位		https://www.akachan.jp/maternity/ranking/2018/boy/	akachan
2018	M	8	悠真	ゆうま	2位		https://www.akachan.jp/maternity/ranking/2018/boy/	akachan
2018	M	9	陽太	ようた	7位		https://www.akachan.jp/maternity/ranking/2018/boy/	akachan
2018	M	10	結翔	ゆうと	15位		https://www.akachan.jp/maternity/ranking/2018/boy/	akachan
2018	M	11	蒼	そう	13位		https://www.akachan.jp/maternity/ranking/2018/boy/	akachan
2018	M	12	朝陽	あさひ	12位		https://www.akachan.jp/maternity/ranking/2018/boy/	akachan
2018	M	13	陽斗	はると	19位		https://www.akachan.jp/maternity/ranking/2018/boy/	akachan
2018	M	14	悠斗	ゆうと	10位		https://www.akachan.jp/maternity/ranking/2018/boy/	akachan
2018	M	15	陽向	ひなた	18位		https://www.akachan.jp/maternity/ranking/2018/boy/	akachan
2018	M	15	陸	りく	22位		https://www.akachan.jp/maternity/ranking/2018/boy/	akachan
2018	M	17	新	あらた	19位		https://www.akachan.jp/maternity/ranking/2018/boy/	akachan
2018	M	17	奏太	そうた	9位		https://www.akachan.jp/maternity/ranking/2018/boy/	akachan
2018	M	19	悠	ゆう	14位		https://www.akachan.jp/maternity/ranking/2018/boy/	akachan
2018	M	20	颯真	そうま	17位		https://www.akachan.jp/maternity/ranking/2018/boy/	akachan
2018	M	21	律	りつ	199位		https://www.akachan.jp/maternity/ranking/2018/boy/	akachan
2018	M	22	湊斗	みなと	27位		https://www.akachan.jp/maternity/ranking/2018/boy/	akachan
2018	M	22	陽大	ようた	22位		https://www.akachan.jp/maternity/ranking/2018/boy/	akachan
2018	M	24	颯太	そうた	24位		https://www.akachan.jp/maternity/ranking/2018/boy/	akachan
2018	M	25	蒼大	そうた	31位		https://www.akachan.jp/maternity/ranking/2018/boy/	akachan
2018	M	26	翔	しょう	27位		https://www.akachan.jp/maternity/ranking/2018/boy/	akachan
2018	M	26	結斗	ゆうと	30位		https://www.akachan.jp/maternity/ranking/2018/boy/	akachan
2018	M	28	奏汰	そうた	21位		https://www.akachan.jp/maternity/ranking/2018/boy/	akachan
2018	M	28	碧	あおい	35位		https://www.akachan.jp/maternity/ranking/2018/boy/	akachan
2018	M	28	旭	あさひ	44位		https://www.akachan.jp/maternity/ranking/2018/boy/	akachan
2018	M	31	颯	そう	33位		https://www.akachan.jp/maternity/ranking/2018/boy/	akachan
2018	M	31	朔	さく	100位		https://www.akachan.jp/maternity/ranking/2018/boy/	akachan
2018	M	31	陽	はる	25位		https://www.akachan.jp/maternity/ranking/2018/boy/	akachan
2018	M	34	蒼真	そうま	37位		https://www.akachan.jp/maternity/ranking/2018/boy/	akachan
2018	M	35	陸斗	りくと	40位		https://www.akachan.jp/maternity/ranking/2018/boy/	akachan
2018	M	35	瑛太	えいた	27位		https://www.akachan.jp/maternity/ranking/2018/boy/	akachan
2018	M	37	晴翔	はると	46位		https://www.akachan.jp/maternity/ranking/2018/boy/	akachan
2018	M	37	伊織	いおり	40位		https://www.akachan.jp/maternity/ranking/2018/boy/	akachan
2018	M	39	大智	だいち	60位		https://www.akachan.jp/maternity/ranking/2018/boy/	akachan
2018	M	39	悠翔	ゆうと	15位		https://www.akachan.jp/maternity/ranking/2018/boy/	akachan
2018	M	41	仁	じん	63位		https://www.akachan.jp/maternity/ranking/2018/boy/	akachan
2018	M	41	葵	あおい	51位		https://www.akachan.jp/maternity/ranking/2018/boy/	akachan
2018	M	43	翔太	しょうた	26位		https://www.akachan.jp/maternity/ranking/2018/boy/	akachan
2018	M	44	奏多	そうた	43位		https://www.akachan.jp/maternity/ranking/2018/boy/	akachan
2018	M	44	碧人	あおと	71位		https://www.akachan.jp/maternity/ranking/2018/boy/	akachan
2018	M	46	歩	あゆむ	49位		https://www.akachan.jp/maternity/ranking/2018/boy/	akachan
2018	M	47	悠生	ゆうせい	51位		https://www.akachan.jp/maternity/ranking/2018/boy/	akachan
2018	M	48	壮真	そうま	66位		https://www.akachan.jp/maternity/ranking/2018/boy/	akachan
2018	M	48	海翔	かいと	42位		https://www.akachan.jp/maternity/ranking/2018/boy/	akachan
2018	M	48	航	わたる	60位		https://www.akachan.jp/maternity/ranking/2018/boy/	akachan
2018	M	51	颯汰	そうた	44位		https://www.akachan.jp/maternity/ranking/2018/boy/	akachan
2018	M	51	遥斗	はると	63位		https://www.akachan.jp/maternity/ranking/2018/boy/	akachan
2018	M	53	颯人	そうと	31位		https://www.akachan.jp/maternity/ranking/2018/boy/	akachan
2018	M	53	湊大	そうた	71位		https://www.akachan.jp/maternity/ranking/2018/boy/	akachan
2018	M	55	岳	がく	46位		https://www.akachan.jp/maternity/ranking/2018/boy/	akachan
2018	M	55	結人	ゆうと	56位		https://www.akachan.jp/maternity/ranking/2018/boy/	akachan
2018	M	57	碧斗	あおと	93位		https://www.akachan.jp/maternity/ranking/2018/boy/	akachan
2018	M	57	湊太	そうた	55位		https://www.akachan.jp/maternity/ranking/2018/boy/	akachan
2018	M	57	翼	つばさ	46位		https://www.akachan.jp/maternity/ranking/2018/boy/	akachan
2018	M	57	光	ひかる	58位		https://www.akachan.jp/maternity/ranking/2018/boy/	akachan
2018	M	61	蒼太	そうた	33位		https://www.akachan.jp/maternity/ranking/2018/boy/	akachan
2018	M	61	慶	けい	63位		https://www.akachan.jp/maternity/ranking/2018/boy/	akachan
2018	M	63	晴	はると	39位		https://www.akachan.jp/maternity/ranking/2018/boy/	akachan
2018	M	63	奏	そう	81位		https://www.akachan.jp/maternity/ranking/2018/boy/	akachan
2018	M	65	匠	たくみ	107位		https://www.akachan.jp/maternity/ranking/2018/boy/	akachan
2018	M	65	陸人	りくと	116位		https://www.akachan.jp/maternity/ranking/2018/boy/	akachan
2018	M	65	琉生	りゅうせい	75位		https://www.akachan.jp/maternity/ranking/2018/boy/	akachan
2018	M	65	結仁	ゆうじん	84位		https://www.akachan.jp/maternity/ranking/2018/boy/	akachan
2018	M	69	翔真	しょうま	58位		https://www.akachan.jp/maternity/ranking/2018/boy/	akachan
2018	M	69	悠太	ゆうた	81位		https://www.akachan.jp/maternity/ranking/2018/boy/	akachan
2018	M	69	瑛斗	えいと	51位		https://www.akachan.jp/maternity/ranking/2018/boy/	akachan
2018	M	72	楓	かえで	49位		https://www.akachan.jp/maternity/ranking/2018/boy/	akachan
2018	M	73	蒼士	そうし	66位		https://www.akachan.jp/maternity/ranking/2018/boy/	akachan
2018	M	73	諒	りょう	81位		https://www.akachan.jp/maternity/ranking/2018/boy/	akachan
2018	M	75	颯斗	ふうと	103位		https://www.akachan.jp/maternity/ranking/2018/boy/	akachan
2018	M	75	蒼空	そら	38位		https://www.akachan.jp/maternity/ranking/2018/boy/	akachan
2018	M	75	暖	だん	112位		https://www.akachan.jp/maternity/ranking/2018/boy/	akachan
2018	M	75	涼真	りょうま	199位		https://www.akachan.jp/maternity/ranking/2018/boy/	akachan
2018	M	75	一翔	いちと	69位		https://www.akachan.jp/maternity/ranking/2018/boy/	akachan
2018	M	75	慧	けい	103位		https://www.akachan.jp/maternity/ranking/2018/boy/	akachan
2018	M	81	湊翔	みなと	127位		https://www.akachan.jp/maternity/ranking/2018/boy/	akachan
2018	M	81	優斗	ゆうと	57位		https://www.akachan.jp/maternity/ranking/2018/boy/	akachan
2018	M	81	怜	れい	77位		https://www.akachan.jp/maternity/ranking/2018/boy/	akachan
2018	M	81	昴	すばる	127位		https://www.akachan.jp/maternity/ranking/2018/boy/	akachan
2018	M	85	晴斗	はると	87位		https://www.akachan.jp/maternity/ranking/2018/boy/	akachan
2018	M	85	悠希	ゆうき	60位		https://www.akachan.jp/maternity/ranking/2018/boy/	akachan
2018	M	85	一颯	いぶき	94位		https://www.akachan.jp/maternity/ranking/2018/boy/	akachan
2018	M	88	蒼生	あおき	142位		https://www.akachan.jp/maternity/ranking/2018/boy/	akachan
2018	M	89	健人	けんと	127位		https://www.akachan.jp/maternity/ranking/2018/boy/	akachan
2018	M	90	大知	だいち	224位		https://www.akachan.jp/maternity/ranking/2018/boy/	akachan
2018	M	90	凪	なぎ	181位		https://www.akachan.jp/maternity/ranking/2018/boy/	akachan
2018	M	92	颯大	そうた	107位		https://www.akachan.jp/maternity/ranking/2018/boy/	akachan
2018	M	92	大雅	たいが	75位		https://www.akachan.jp/maternity/ranking/2018/boy/	akachan
2018	M	92	大輝	だいき	68位		https://www.akachan.jp/maternity/ranking/2018/boy/	akachan
2018	M	92	悠仁	ゆうじん	77位		https://www.akachan.jp/maternity/ranking/2018/boy/	akachan
2018	M	92	絢斗	あやと	51位		https://www.akachan.jp/maternity/ranking/2018/boy/	akachan
2018	M	92	海斗	かいと	36位		https://www.akachan.jp/maternity/ranking/2018/boy/	akachan
2018	M	98	航大	こうだい	90位		https://www.akachan.jp/maternity/ranking/2018/boy/	akachan
2018	M	99	櫂	かい	107位		https://www.akachan.jp/maternity/ranking/2018/boy/	akachan
2018	M	99	大晴	たいせい	156位		https://www.akachan.jp/maternity/ranking/2018/boy/	akachan
2018	F	2018	名前	主な読み	2017年順位		https://www.akachan.jp/maternity/ranking/2018/girl/	akachan
2018	F	1	葵	あおい	6位		https://www.akachan.jp/maternity/ranking/2018/girl/	akachan
2018	F	2	結菜	ゆうな	5位		https://www.akachan.jp/maternity/ranking/2018/girl/	akachan
2018	F	3	陽葵	ひまり	2位		https://www.akachan.jp/maternity/ranking/2018/girl/	akachan
2018	F	4	咲良	さくら	4位		https://www.akachan.jp/maternity/ranking/2018/girl/	akachan
2018	F	5	芽依	めい	9位		https://www.akachan.jp/maternity/ranking/2018/girl/	akachan
2018	F	6	結衣	ゆい	1位		https://www.akachan.jp/maternity/ranking/2018/girl/	akachan
2018	F	7	凜	りん	3位		https://www.akachan.jp/maternity/ranking/2018/girl/	akachan
2018	F	8	結愛	ゆあ	9位		https://www.akachan.jp/maternity/ranking/2018/girl/	akachan
2018	F	9	陽菜	ひな	7位		https://www.akachan.jp/maternity/ranking/2018/girl/	akachan
2018	F	10	莉子	りこ	8位		https://www.akachan.jp/maternity/ranking/2018/girl/	akachan
2018	F	11	紬	つむぎ	16位		https://www.akachan.jp/maternity/ranking/2018/girl/	akachan
2018	F	12	澪	みお	19位		https://www.akachan.jp/maternity/ranking/2018/girl/	akachan
2018	F	13	凛	りん	11位		https://www.akachan.jp/maternity/ranking/2018/girl/	akachan
2018	F	14	結月	ゆづき	13位		https://www.akachan.jp/maternity/ranking/2018/girl/	akachan
2018	F	15	美月	みつき	17位		https://www.akachan.jp/maternity/ranking/2018/girl/	akachan
2018	F	16	さくら	さくら	11位		https://www.akachan.jp/maternity/ranking/2018/girl/	akachan
2018	F	17	杏	あん	18位		https://www.akachan.jp/maternity/ranking/2018/girl/	akachan
2018	F	18	楓	かえで	15位		https://www.akachan.jp/maternity/ranking/2018/girl/	akachan
2018	F	18	あかり	あかり	14位		https://www.akachan.jp/maternity/ranking/2018/girl/	akachan
2018	F	20	心春	ここは	20位		https://www.akachan.jp/maternity/ranking/2018/girl/	akachan
2018	F	21	琴音	ことね	28位		https://www.akachan.jp/maternity/ranking/2018/girl/	akachan
2018	F	22	莉央	りお	32位		https://www.akachan.jp/maternity/ranking/2018/girl/	akachan
2018	F	23	杏奈	あんな	25位		https://www.akachan.jp/maternity/ranking/2018/girl/	akachan
2018	F	24	ひかり	ひかり	26位		https://www.akachan.jp/maternity/ranking/2018/girl/	akachan
2018	F	25	芽生	めい	27位		https://www.akachan.jp/maternity/ranking/2018/girl/	akachan
2018	F	25	琴葉	ことは	34位		https://www.akachan.jp/maternity/ranking/2018/girl/	akachan
2018	F	27	咲希	さき	24位		https://www.akachan.jp/maternity/ranking/2018/girl/	akachan
2018	F	28	花	はな	22位		https://www.akachan.jp/maternity/ranking/2018/girl/	akachan
2018	F	29	朱莉	あかり	35位		https://www.akachan.jp/maternity/ranking/2018/girl/	akachan
2018	F	30	陽菜乃	ひなの	37位		https://www.akachan.jp/maternity/ranking/2018/girl/	akachan
2018	F	31	愛莉	あいり	38位		https://www.akachan.jp/maternity/ranking/2018/girl/	akachan
2018	F	32	ひまり	ひまり	36位		https://www.akachan.jp/maternity/ranking/2018/girl/	akachan
2018	F	33	美結	みゆ	30位		https://www.akachan.jp/maternity/ranking/2018/girl/	akachan
2018	F	34	美桜	みお	28位		https://www.akachan.jp/maternity/ranking/2018/girl/	akachan
2018	F	34	柚希	ゆずき	21位		https://www.akachan.jp/maternity/ranking/2018/girl/	akachan
2018	F	36	彩葉	いろは	49位		https://www.akachan.jp/maternity/ranking/2018/girl/	akachan
2018	F	37	菜月	なつき	51位		https://www.akachan.jp/maternity/ranking/2018/girl/	akachan
2018	F	38	詩	うた	51位		https://www.akachan.jp/maternity/ranking/2018/girl/	akachan
2018	F	38	心結	みゆう	31位		https://www.akachan.jp/maternity/ranking/2018/girl/	akachan
2018	F	40	愛菜	あいな	38位		https://www.akachan.jp/maternity/ranking/2018/girl/	akachan
2018	F	41	心陽	みはる	39位		https://www.akachan.jp/maternity/ranking/2018/girl/	akachan
2018	F	42	優奈	ゆうな	61位		https://www.akachan.jp/maternity/ranking/2018/girl/	akachan
2018	F	42	結	ゆい	43位		https://www.akachan.jp/maternity/ranking/2018/girl/	akachan
2018	F	44	すみれ	すみれ	74位		https://www.akachan.jp/maternity/ranking/2018/girl/	akachan
2018	F	45	桜	さくら	53位		https://www.akachan.jp/maternity/ranking/2018/girl/	akachan
2018	F	46	心晴	こはる	59位		https://www.akachan.jp/maternity/ranking/2018/girl/	akachan
2018	F	47	ひなた	ひなた	41位		https://www.akachan.jp/maternity/ranking/2018/girl/	akachan
2018	F	48	和奏	わかな	46位		https://www.akachan.jp/maternity/ranking/2018/girl/	akachan
2018	F	49	美織	みおり	72位		https://www.akachan.jp/maternity/ranking/2018/girl/	akachan
2018	F	50	詩織	しおり	100位		https://www.akachan.jp/maternity/ranking/2018/girl/	akachan
2018	F	50	美琴	みこと	194位		https://www.akachan.jp/maternity/ranking/2018/girl/	akachan
2018	F	52	花音	かのん	44位		https://www.akachan.jp/maternity/ranking/2018/girl/	akachan
2018	F	53	紗菜	さな	63位		https://www.akachan.jp/maternity/ranking/2018/girl/	akachan
2018	F	53	一華	いちか	63位		https://www.akachan.jp/maternity/ranking/2018/girl/	akachan
2018	F	55	菫	すみれ	74位		https://www.akachan.jp/maternity/ranking/2018/girl/	akachan
2018	F	55	葉月	はづき	87位		https://www.akachan.jp/maternity/ranking/2018/girl/	akachan
2018	F	55	和花	わか	81位		https://www.akachan.jp/maternity/ranking/2018/girl/	akachan
2018	F	55	一花	いちか	83位		https://www.akachan.jp/maternity/ranking/2018/girl/	akachan
2018	F	59	朱里	あかり	53位		https://www.akachan.jp/maternity/ranking/2018/girl/	akachan
2018	F	59	莉緒	りお	41位		https://www.akachan.jp/maternity/ranking/2018/girl/	akachan
2018	F	59	彩乃	あやの	55位		https://www.akachan.jp/maternity/ranking/2018/girl/	akachan
2018	F	59	玲奈	れいな	79位		https://www.akachan.jp/maternity/ranking/2018/girl/	akachan
2018	F	59	鈴	すず	70位		https://www.akachan.jp/maternity/ranking/2018/girl/	akachan
2018	F	64	華	はな	40位		https://www.akachan.jp/maternity/ranking/2018/girl/	akachan
2018	F	65	柚葉	ゆずは	66位		https://www.akachan.jp/maternity/ranking/2018/girl/	akachan
2018	F	66	明莉	あかり	76位		https://www.akachan.jp/maternity/ranking/2018/girl/	akachan
2018	F	66	みのり	みのり	116位		https://www.akachan.jp/maternity/ranking/2018/girl/	akachan
2018	F	68	栞	しおり	55位		https://www.akachan.jp/maternity/ranking/2018/girl/	akachan
2018	F	68	紗奈	さな	63位		https://www.akachan.jp/maternity/ranking/2018/girl/	akachan
2018	F	68	美羽	みう	59位		https://www.akachan.jp/maternity/ranking/2018/girl/	akachan
2018	F	68	愛梨	あいり	38位		https://www.akachan.jp/maternity/ranking/2018/girl/	akachan
2018	F	68	夏帆	かほ	44位		https://www.akachan.jp/maternity/ranking/2018/girl/	akachan
2018	F	68	結心	ゆうみ	70位		https://www.akachan.jp/maternity/ranking/2018/girl/	akachan
2018	F	74	紗良	さら	47位		https://www.akachan.jp/maternity/ranking/2018/girl/	akachan
2018	F	74	美咲	みさき	33位		https://www.akachan.jp/maternity/ranking/2018/girl/	akachan
2018	F	74	愛	あい	87位		https://www.akachan.jp/maternity/ranking/2018/girl/	akachan
2018	F	77	すず	すず	68位		https://www.akachan.jp/maternity/ranking/2018/girl/	akachan
2018	F	78	柚月	ゆづき	76位		https://www.akachan.jp/maternity/ranking/2018/girl/	akachan
2018	F	79	雫	しずく	73位		https://www.akachan.jp/maternity/ranking/2018/girl/	akachan
2018	F	79	優月	ゆつき	92位		https://www.akachan.jp/maternity/ranking/2018/girl/	akachan
2018	F	79	ひより	ひより	106位		https://www.akachan.jp/maternity/ranking/2018/girl/	akachan
2018	F	82	詩乃	しの	66位		https://www.akachan.jp/maternity/ranking/2018/girl/	akachan
2018	F	82	小春	こはる	106位		https://www.akachan.jp/maternity/ranking/2018/girl/	akachan
2018	F	82	彩羽	あやは	92位		https://www.akachan.jp/maternity/ranking/2018/girl/	akachan
2018	F	82	乃愛	のあ	61位		https://www.akachan.jp/maternity/ranking/2018/girl/	akachan
2018	F	82	陽向	ひなた	173位		https://www.akachan.jp/maternity/ranking/2018/girl/	akachan
2018	F	82	怜奈	れいな	133位		https://www.akachan.jp/maternity/ranking/2018/girl/	akachan
2018	F	82	芽衣	めい	92位		https://www.akachan.jp/maternity/ranking/2018/girl/	akachan
2018	F	89	凪	なぎ	96位		https://www.akachan.jp/maternity/ranking/2018/girl/	akachan
2018	F	89	美緒	みお	100位		https://www.akachan.jp/maternity/ranking/2018/girl/	akachan
2018	F	89	柚羽	ゆずは	125位		https://www.akachan.jp/maternity/ranking/2018/girl/	akachan
2018	F	89	結葵	ゆあ	144位		https://www.akachan.jp/maternity/ranking/2018/girl/	akachan
2018	F	93	百花	ももか	55位		https://www.akachan.jp/maternity/ranking/2018/girl/	akachan
2018	F	93	優愛	ゆあ	87位		https://www.akachan.jp/maternity/ranking/2018/girl/	akachan
2018	F	93	優花	ゆうか	79位		https://www.akachan.jp/maternity/ranking/2018/girl/	akachan
2018	F	96	栞奈	かんな	116位		https://www.akachan.jp/maternity/ranking/2018/girl/	akachan
2018	F	96	実桜	みお	159位		https://www.akachan.jp/maternity/ranking/2018/girl/	akachan
2018	F	96	千晴	ちはる	96位		https://www.akachan.jp/maternity/ranking/2018/girl/	akachan
2018	F	96	碧	あおい	96位		https://www.akachan.jp/maternity/ranking/2018/girl/	akachan
2018	F	100	莉帆	りほ	133位		https://www.akachan.jp/maternity/ranking/2018/girl/	akachan
2019	M	2019	お名前	主な読み	2018年順位		https://www.akachan.jp/maternity/ranking/2019/boy/	akachan
2019	M	1	蓮	れん	1位		https://www.akachan.jp/maternity/ranking/2019/boy/	akachan
2019	M	2	湊	みなと	5位		https://www.akachan.jp/maternity/ranking/2019/boy/	akachan
2019	M	3	陽翔	はると	3位		https://www.akachan.jp/maternity/ranking/2019/boy/	akachan
2019	M	4	律	りつ	21位		https://www.akachan.jp/maternity/ranking/2019/boy/	akachan
2019	M	5	蒼	そう	11位		https://www.akachan.jp/maternity/ranking/2019/boy/	akachan
2019	M	5	樹	いつき	4位		https://www.akachan.jp/maternity/ranking/2019/boy/	akachan
2019	M	7	大翔	ひろと	2位		https://www.akachan.jp/maternity/ranking/2019/boy/	akachan
2019	M	8	悠真	ゆうま	8位		https://www.akachan.jp/maternity/ranking/2019/boy/	akachan
2019	M	9	大和	やまと	6位		https://www.akachan.jp/maternity/ranking/2019/boy/	akachan
2019	M	10	湊斗	みなと	22位		https://www.akachan.jp/maternity/ranking/2019/boy/	akachan
2019	M	11	颯真	そうま	20位		https://www.akachan.jp/maternity/ranking/2019/boy/	akachan
2019	M	11	悠人	ゆうと	7位		https://www.akachan.jp/maternity/ranking/2019/boy/	akachan
2019	M	11	結翔	ゆうと	10位		https://www.akachan.jp/maternity/ranking/2019/boy/	akachan
2019	M	14	陽太	ようた	9位		https://www.akachan.jp/maternity/ranking/2019/boy/	akachan
2019	M	14	陽斗	はると	13位		https://www.akachan.jp/maternity/ranking/2019/boy/	akachan
2019	M	16	颯	そう	31位		https://www.akachan.jp/maternity/ranking/2019/boy/	akachan
2019	M	16	朝陽	あさひ	12位		https://www.akachan.jp/maternity/ranking/2019/boy/	akachan
2019	M	18	悠	ゆう	19位		https://www.akachan.jp/maternity/ranking/2019/boy/	akachan
2019	M	18	新	あらた	17位		https://www.akachan.jp/maternity/ranking/2019/boy/	akachan
2019	M	20	陸	りく	15位		https://www.akachan.jp/maternity/ranking/2019/boy/	akachan
2019	M	21	陽大	ようた	22位		https://www.akachan.jp/maternity/ranking/2019/boy/	akachan
2019	M	21	陽向	ひなた	15位		https://www.akachan.jp/maternity/ranking/2019/boy/	akachan
2019	M	23	陽	はる	31位		https://www.akachan.jp/maternity/ranking/2019/boy/	akachan
2019	M	24	悠斗	ゆうと	14位		https://www.akachan.jp/maternity/ranking/2019/boy/	akachan
2019	M	25	奏太	そうた	17位		https://www.akachan.jp/maternity/ranking/2019/boy/	akachan
2019	M	25	奏汰	そうた	28位		https://www.akachan.jp/maternity/ranking/2019/boy/	akachan
2019	M	25	岳	がく	55位		https://www.akachan.jp/maternity/ranking/2019/boy/	akachan
2019	M	28	海斗	かいと	92位		https://www.akachan.jp/maternity/ranking/2019/boy/	akachan
2019	M	29	瑛斗	えいと	69位		https://www.akachan.jp/maternity/ranking/2019/boy/	akachan
2019	M	30	悠翔	ゆうと	39位		https://www.akachan.jp/maternity/ranking/2019/boy/	akachan
2019	M	30	大智	だいち	39位		https://www.akachan.jp/maternity/ranking/2019/boy/	akachan
2019	M	30	暖	だん	75位		https://www.akachan.jp/maternity/ranking/2019/boy/	akachan
2019	M	30	晴	はると	63位		https://www.akachan.jp/maternity/ranking/2019/boy/	akachan
2019	M	30	結斗	ゆうと	26位		https://www.akachan.jp/maternity/ranking/2019/boy/	akachan
2019	M	30	旭	あさひ	28位		https://www.akachan.jp/maternity/ranking/2019/boy/	akachan
2019	M	36	琉⽣	りゅうせい	65位		https://www.akachan.jp/maternity/ranking/2019/boy/	akachan
2019	M	37	伊織	いおり	37位		https://www.akachan.jp/maternity/ranking/2019/boy/	akachan
2019	M	38	颯太	そうた	24位		https://www.akachan.jp/maternity/ranking/2019/boy/	akachan
2019	M	38	大雅	たいが	92位		https://www.akachan.jp/maternity/ranking/2019/boy/	akachan
2019	M	38	蒼大	そうた	25位		https://www.akachan.jp/maternity/ranking/2019/boy/	akachan
2019	M	41	湊大	そうた	53位		https://www.akachan.jp/maternity/ranking/2019/boy/	akachan
2019	M	42	瑛太	えいた	35位		https://www.akachan.jp/maternity/ranking/2019/boy/	akachan
2019	M	42	健人	けんと	89位		https://www.akachan.jp/maternity/ranking/2019/boy/	akachan
2019	M	44	蒼空	そら	75位		https://www.akachan.jp/maternity/ranking/2019/boy/	akachan
2019	M	44	絢斗	あやと	92位		https://www.akachan.jp/maternity/ranking/2019/boy/	akachan
2019	M	46	蒼太	そうた	61位		https://www.akachan.jp/maternity/ranking/2019/boy/	akachan
2019	M	46	湊翔	みなと	81位		https://www.akachan.jp/maternity/ranking/2019/boy/	akachan
2019	M	46	一輝	いつき	103位		https://www.akachan.jp/maternity/ranking/2019/boy/	akachan
2019	M	46	朔	さく	31位		https://www.akachan.jp/maternity/ranking/2019/boy/	akachan
2019	M	46	海翔	かいと	48位		https://www.akachan.jp/maternity/ranking/2019/boy/	akachan
2019	M	46	一颯	いぶき	85位		https://www.akachan.jp/maternity/ranking/2019/boy/	akachan
2019	M	46	慶	けい	61位		https://www.akachan.jp/maternity/ranking/2019/boy/	akachan
2019	M	53	碧	あおい	29位		https://www.akachan.jp/maternity/ranking/2019/boy/	akachan
2019	M	53	蒼真	そうま	34位		https://www.akachan.jp/maternity/ranking/2019/boy/	akachan
2019	M	55	颯汰	そうた	51位		https://www.akachan.jp/maternity/ranking/2019/boy/	akachan
2019	M	55	仁	じん	41位		https://www.akachan.jp/maternity/ranking/2019/boy/	akachan
2019	M	57	悠生	ゆうせい	47位		https://www.akachan.jp/maternity/ranking/2019/boy/	akachan
2019	M	57	優	ゆう	102位		https://www.akachan.jp/maternity/ranking/2019/boy/	akachan
2019	M	59	奏斗	かなと	169位		https://www.akachan.jp/maternity/ranking/2019/boy/	akachan
2019	M	59	晴翔	はると	37位		https://www.akachan.jp/maternity/ranking/2019/boy/	akachan
2019	M	61	涼真	りょうま	78位		https://www.akachan.jp/maternity/ranking/2019/boy/	akachan
2019	M	61	壮真	そうま	48位		https://www.akachan.jp/maternity/ranking/2019/boy/	akachan
2019	M	61	遥斗	はると	52位		https://www.akachan.jp/maternity/ranking/2019/boy/	akachan
2019	M	61	翔	しょう	26位		https://www.akachan.jp/maternity/ranking/2019/boy/	akachan
2019	M	61	瑛翔	えいと	111位		https://www.akachan.jp/maternity/ranking/2019/boy/	akachan
2019	M	66	颯人	はやと	53位		https://www.akachan.jp/maternity/ranking/2019/boy/	akachan
2019	M	66	怜	れい	83位		https://www.akachan.jp/maternity/ranking/2019/boy/	akachan
2019	M	66	翼	つばさ	59位		https://www.akachan.jp/maternity/ranking/2019/boy/	akachan
2019	M	66	碧斗	あおと	57位		https://www.akachan.jp/maternity/ranking/2019/boy/	akachan
2019	M	66	歩	あゆむ	46位		https://www.akachan.jp/maternity/ranking/2019/boy/	akachan
2019	M	66	湊太	そうた	58位		https://www.akachan.jp/maternity/ranking/2019/boy/	akachan
2019	M	66	奏多	かなた	44位		https://www.akachan.jp/maternity/ranking/2019/boy/	akachan
2019	M	66	結人	ゆいと	56位		https://www.akachan.jp/maternity/ranking/2019/boy/	akachan
2019	M	66	葵	あおい	42位		https://www.akachan.jp/maternity/ranking/2019/boy/	akachan
2019	M	66	朔太郎	さくたろう	153位		https://www.akachan.jp/maternity/ranking/2019/boy/	akachan
2019	M	76	陽仁	はると	129位		https://www.akachan.jp/maternity/ranking/2019/boy/	akachan
2019	M	76	蒼士	そうし	73位		https://www.akachan.jp/maternity/ranking/2019/boy/	akachan
2019	M	76	優斗	ゆうと	82位		https://www.akachan.jp/maternity/ranking/2019/boy/	akachan
2019	M	76	翔真	しょうま	69位		https://www.akachan.jp/maternity/ranking/2019/boy/	akachan
2019	M	80	楓	かえで	72位		https://www.akachan.jp/maternity/ranking/2019/boy/	akachan
2019	M	80	大知	だいち	90位		https://www.akachan.jp/maternity/ranking/2019/boy/	akachan
2019	M	80	陸⽃	りくと	35位		https://www.akachan.jp/maternity/ranking/2019/boy/	akachan
2019	M	80	奏	かなた	64位		https://www.akachan.jp/maternity/ranking/2019/boy/	akachan
2019	M	80	拓真	たくま	114位		https://www.akachan.jp/maternity/ranking/2019/boy/	akachan
2019	M	80	悠仁	はると	95位		https://www.akachan.jp/maternity/ranking/2019/boy/	akachan
2019	M	80	司	つかさ	116位		https://www.akachan.jp/maternity/ranking/2019/boy/	akachan
2019	M	87	颯斗	はやと	75位		https://www.akachan.jp/maternity/ranking/2019/boy/	akachan
2019	M	87	誠	まこと	120位		https://www.akachan.jp/maternity/ranking/2019/boy/	akachan
2019	M	87	碧人	あおと	45位		https://www.akachan.jp/maternity/ranking/2019/boy/	akachan
2019	M	87	琥太郎	こたろう	119位		https://www.akachan.jp/maternity/ranking/2019/boy/	akachan
2019	M	91	遼	りょう	110位		https://www.akachan.jp/maternity/ranking/2019/boy/	akachan
2019	M	92	大輝	だいき	94位		https://www.akachan.jp/maternity/ranking/2019/boy/	akachan
2019	M	92	櫂	かい	99位		https://www.akachan.jp/maternity/ranking/2019/boy/	akachan
2019	M	92	太一	たいち	104位		https://www.akachan.jp/maternity/ranking/2019/boy/	akachan
2019	M	92	蒼生	いぶき	88位		https://www.akachan.jp/maternity/ranking/2019/boy/	akachan
2019	M	92	健斗	けんと	168位		https://www.akachan.jp/maternity/ranking/2019/boy/	akachan
2019	M	92	匠	たくみ	65位		https://www.akachan.jp/maternity/ranking/2019/boy/	akachan
2019	M	98	悠希	はるき	86位		https://www.akachan.jp/maternity/ranking/2019/boy/	akachan
2019	M	98	空	そら	151位		https://www.akachan.jp/maternity/ranking/2019/boy/	akachan
2019	M	100	翔大	しょうた	107位		https://www.akachan.jp/maternity/ranking/2019/boy/	akachan
2019	F	2019	お名前	主な読み	2018年順位		https://www.akachan.jp/maternity/ranking/2019/girl/	akachan
2019	F	1	陽葵	ひまり	3位		https://www.akachan.jp/maternity/ranking/2019/girl/	akachan
2019	F	2	芽依	めい	5位		https://www.akachan.jp/maternity/ranking/2019/girl/	akachan
2019	F	3	凛	りん	13位		https://www.akachan.jp/maternity/ranking/2019/girl/	akachan
2019	F	4	紬	つむぎ	11位		https://www.akachan.jp/maternity/ranking/2019/girl/	akachan
2019	F	5	莉子	りこ	10位		https://www.akachan.jp/maternity/ranking/2019/girl/	akachan
2019	F	6	結愛	ゆあ	8位		https://www.akachan.jp/maternity/ranking/2019/girl/	akachan
2019	F	7	さくら	さくら	16位		https://www.akachan.jp/maternity/ranking/2019/girl/	akachan
2019	F	8	葵	あおい	1位		https://www.akachan.jp/maternity/ranking/2019/girl/	akachan
2019	F	9	澪	みお	12位		https://www.akachan.jp/maternity/ranking/2019/girl/	akachan
2019	F	10	結菜	ゆうな	2位		https://www.akachan.jp/maternity/ranking/2019/girl/	akachan
2019	F	11	杏	あん	17位		https://www.akachan.jp/maternity/ranking/2019/girl/	akachan
2019	F	12	陽菜	ひな	9位		https://www.akachan.jp/maternity/ranking/2019/girl/	akachan
2019	F	13	咲良	さくら	4位		https://www.akachan.jp/maternity/ranking/2019/girl/	akachan
2019	F	14	美月	みつき	15位		https://www.akachan.jp/maternity/ranking/2019/girl/	akachan
2019	F	14	結月	ゆづき	14位		https://www.akachan.jp/maternity/ranking/2019/girl/	akachan
2019	F	16	楓	かえで	18位		https://www.akachan.jp/maternity/ranking/2019/girl/	akachan
2019	F	17	ひかり	ひかり	24位		https://www.akachan.jp/maternity/ranking/2019/girl/	akachan
2019	F	18	あかり	あかり	18位		https://www.akachan.jp/maternity/ranking/2019/girl/	akachan
2019	F	19	ひまり	ひまり	32位		https://www.akachan.jp/maternity/ranking/2019/girl/	akachan
2019	F	20	凜	りん	7位		https://www.akachan.jp/maternity/ranking/2019/girl/	akachan
2019	F	21	ひなた	ひなた	47位		https://www.akachan.jp/maternity/ranking/2019/girl/	akachan
2019	F	22	結衣	ゆい	6位		https://www.akachan.jp/maternity/ranking/2019/girl/	akachan
2019	F	23	美桜	みお	34位		https://www.akachan.jp/maternity/ranking/2019/girl/	akachan
2019	F	24	杏奈	あんな	23位		https://www.akachan.jp/maternity/ranking/2019/girl/	akachan
2019	F	25	琴葉	ことは	25位		https://www.akachan.jp/maternity/ranking/2019/girl/	akachan
2019	F	26	陽菜乃	ひなの	30位		https://www.akachan.jp/maternity/ranking/2019/girl/	akachan
2019	F	26	芽生	めい	25位		https://www.akachan.jp/maternity/ranking/2019/girl/	akachan
2019	F	28	一華	いちか	53位		https://www.akachan.jp/maternity/ranking/2019/girl/	akachan
2019	F	29	花	はな	28位		https://www.akachan.jp/maternity/ranking/2019/girl/	akachan
2019	F	30	すみれ	すみれ	44位		https://www.akachan.jp/maternity/ranking/2019/girl/	akachan
2019	F	31	心陽	みはる	41位		https://www.akachan.jp/maternity/ranking/2019/girl/	akachan
2019	F	31	花音	かのん	52位		https://www.akachan.jp/maternity/ranking/2019/girl/	akachan
2019	F	33	心春	ここは	20位		https://www.akachan.jp/maternity/ranking/2019/girl/	akachan
2019	F	34	彩葉	いろは	36位		https://www.akachan.jp/maternity/ranking/2019/girl/	akachan
2019	F	34	朱莉	あかり	29位		https://www.akachan.jp/maternity/ranking/2019/girl/	akachan
2019	F	36	莉緒	りお	59位		https://www.akachan.jp/maternity/ranking/2019/girl/	akachan
2019	F	36	一花	いちか	55位		https://www.akachan.jp/maternity/ranking/2019/girl/	akachan
2019	F	38	詩	うた	38位		https://www.akachan.jp/maternity/ranking/2019/girl/	akachan
2019	F	39	美結	みゆ	33位		https://www.akachan.jp/maternity/ranking/2019/girl/	akachan
2019	F	40	愛莉	あいり	31位		https://www.akachan.jp/maternity/ranking/2019/girl/	akachan
2019	F	41	心結	みゆう	38位		https://www.akachan.jp/maternity/ranking/2019/girl/	akachan
2019	F	41	桜	さくら	45位		https://www.akachan.jp/maternity/ranking/2019/girl/	akachan
2019	F	41	いろは	いろは	119位		https://www.akachan.jp/maternity/ranking/2019/girl/	akachan
2019	F	41	つむぎ	つむぎ	121位		https://www.akachan.jp/maternity/ranking/2019/girl/	akachan
2019	F	45	莉央	りお	22位		https://www.akachan.jp/maternity/ranking/2019/girl/	akachan
2019	F	46	心晴	こはる	46位		https://www.akachan.jp/maternity/ranking/2019/girl/	akachan
2019	F	47	菫	すみれ	55位		https://www.akachan.jp/maternity/ranking/2019/girl/	akachan
2019	F	47	柚希	ゆずき	34位		https://www.akachan.jp/maternity/ranking/2019/girl/	akachan
2019	F	47	柚葉	ゆずは	65位		https://www.akachan.jp/maternity/ranking/2019/girl/	akachan
2019	F	47	咲希	さき	27位		https://www.akachan.jp/maternity/ranking/2019/girl/	akachan
2019	F	47	すず	すず	77位		https://www.akachan.jp/maternity/ranking/2019/girl/	akachan
2019	F	52	彩羽	いろは	84位		https://www.akachan.jp/maternity/ranking/2019/girl/	akachan
2019	F	53	蘭	らん	106位		https://www.akachan.jp/maternity/ranking/2019/girl/	akachan
2019	F	53	凪	なぎ	89位		https://www.akachan.jp/maternity/ranking/2019/girl/	akachan
2019	F	53	結	ゆい	43位		https://www.akachan.jp/maternity/ranking/2019/girl/	akachan
2019	F	56	紬希	つむぎ	133位		https://www.akachan.jp/maternity/ranking/2019/girl/	akachan
2019	F	56	優奈	ゆうな	42位		https://www.akachan.jp/maternity/ranking/2019/girl/	akachan
2019	F	58	紗奈	さな	69位		https://www.akachan.jp/maternity/ranking/2019/girl/	akachan
2019	F	58	こはる	こはる	157位		https://www.akachan.jp/maternity/ranking/2019/girl/	akachan
2019	F	60	乃愛	のあ	85位		https://www.akachan.jp/maternity/ranking/2019/girl/	akachan
2019	F	60	ひより	ひより	81位		https://www.akachan.jp/maternity/ranking/2019/girl/	akachan
2019	F	62	美羽	みう	70位		https://www.akachan.jp/maternity/ranking/2019/girl/	akachan
2019	F	62	七海	ななみ	126位		https://www.akachan.jp/maternity/ranking/2019/girl/	akachan
2019	F	64	鈴	すず	63位		https://www.akachan.jp/maternity/ranking/2019/girl/	akachan
2019	F	64	怜奈	れな	87位		https://www.akachan.jp/maternity/ranking/2019/girl/	akachan
2019	F	64	穂乃花	ほのか	203位		https://www.akachan.jp/maternity/ranking/2019/girl/	akachan
2019	F	64	琴音	ことね	21位		https://www.akachan.jp/maternity/ranking/2019/girl/	akachan
2019	F	68	莉愛	りあ	112位		https://www.akachan.jp/maternity/ranking/2019/girl/	akachan
2019	F	68	美咲	みさき	75位		https://www.akachan.jp/maternity/ranking/2019/girl/	akachan
2019	F	68	柚花	ゆずか	103位		https://www.akachan.jp/maternity/ranking/2019/girl/	akachan
2019	F	68	雫	しずく	79位		https://www.akachan.jp/maternity/ranking/2019/girl/	akachan
2019	F	72	日和	ひより	282位		https://www.akachan.jp/maternity/ranking/2019/girl/	akachan
2019	F	72	美琴	みこと	51位		https://www.akachan.jp/maternity/ranking/2019/girl/	akachan
2019	F	72	唯	ゆい	155位		https://www.akachan.jp/maternity/ranking/2019/girl/	akachan
2019	F	72	ほのか	ほのか	236位		https://www.akachan.jp/maternity/ranking/2019/girl/	akachan
2019	F	76	菜々美	ななみ	376位		https://www.akachan.jp/maternity/ranking/2019/girl/	akachan
2019	F	76	芽衣	めい	88位		https://www.akachan.jp/maternity/ranking/2019/girl/	akachan
2019	F	76	咲茉	えま	109位		https://www.akachan.jp/maternity/ranking/2019/girl/	akachan
2019	F	79	愛菜	あいな	40位		https://www.akachan.jp/maternity/ranking/2019/girl/	akachan
2019	F	79	あおい	あおい	118位		https://www.akachan.jp/maternity/ranking/2019/girl/	akachan
2019	F	79	愛	あい	76位		https://www.akachan.jp/maternity/ranking/2019/girl/	akachan
2019	F	79	華	はな	64位		https://www.akachan.jp/maternity/ranking/2019/girl/	akachan
2019	F	79	彩乃	あやの	61位		https://www.akachan.jp/maternity/ranking/2019/girl/	akachan
2019	F	84	莉奈	りな	105位		https://www.akachan.jp/maternity/ranking/2019/girl/	akachan
2019	F	84	千晴	ちはる	98位		https://www.akachan.jp/maternity/ranking/2019/girl/	akachan
2019	F	84	陽向	ひなた	86位		https://www.akachan.jp/maternity/ranking/2019/girl/	akachan
2019	F	84	玲奈	れな	62位		https://www.akachan.jp/maternity/ranking/2019/girl/	akachan
2019	F	84	優衣	ゆい	101位		https://www.akachan.jp/maternity/ranking/2019/girl/	akachan
2019	F	84	葵衣	あおい	107位		https://www.akachan.jp/maternity/ranking/2019/girl/	akachan
2019	F	84	朱⾥	あかり	59位		https://www.akachan.jp/maternity/ranking/2019/girl/	akachan
2019	F	91	莉帆	りほ	100位		https://www.akachan.jp/maternity/ranking/2019/girl/	akachan
2019	F	91	柚奈	ゆずな	195位		https://www.akachan.jp/maternity/ranking/2019/girl/	akachan
2019	F	91	和奏	わかな	48位		https://www.akachan.jp/maternity/ranking/2019/girl/	akachan
2019	F	91	心咲	みさき	113位		https://www.akachan.jp/maternity/ranking/2019/girl/	akachan
2019	F	91	柚月	ゆづき	78位		https://www.akachan.jp/maternity/ranking/2019/girl/	akachan
2019	F	91	叶愛	のあ	125位		https://www.akachan.jp/maternity/ranking/2019/girl/	akachan
2019	F	97	優愛	ゆあ	94位		https://www.akachan.jp/maternity/ranking/2019/girl/	akachan
2019	F	97	詩乃	しの	82位		https://www.akachan.jp/maternity/ranking/2019/girl/	akachan
2019	F	97	愛梨	あいり	71位		https://www.akachan.jp/maternity/ranking/2019/girl/	akachan
2019	F	97	菜月	なつき	37位		https://www.akachan.jp/maternity/ranking/2019/girl/	akachan
2020	M	2020	名前	主な読み	2019年順位		https://www.akachan.jp/maternity/ranking/2020/boy/	akachan
2020	M	1	蓮	れん	1位		https://www.akachan.jp/maternity/ranking/2020/boy/	akachan
2020	M	2	陽翔	はると	3位		https://www.akachan.jp/maternity/ranking/2020/boy/	akachan
2020	M	3	湊	みなと	2位		https://www.akachan.jp/maternity/ranking/2020/boy/	akachan
2020	M	4	悠真	ゆうま	8位		https://www.akachan.jp/maternity/ranking/2020/boy/	akachan
2020	M	5	蒼	そう	5位		https://www.akachan.jp/maternity/ranking/2020/boy/	akachan
2020	M	6	樹	いつき	5位		https://www.akachan.jp/maternity/ranking/2020/boy/	akachan
2020	M	7	大翔	ひろと	7位		https://www.akachan.jp/maternity/ranking/2020/boy/	akachan
2020	M	7	颯	そう	16位		https://www.akachan.jp/maternity/ranking/2020/boy/	akachan
2020	M	9	大和	やまと	9位		https://www.akachan.jp/maternity/ranking/2020/boy/	akachan
2020	M	10	湊斗	みなと	10位		https://www.akachan.jp/maternity/ranking/2020/boy/	akachan
2020	M	10	碧	あおい	53位		https://www.akachan.jp/maternity/ranking/2020/boy/	akachan
2020	M	12	伊織	いおり	37位		https://www.akachan.jp/maternity/ranking/2020/boy/	akachan
2020	M	13	朝陽	あさひ	16位		https://www.akachan.jp/maternity/ranking/2020/boy/	akachan
2020	M	13	陽向	ひなた	21位		https://www.akachan.jp/maternity/ranking/2020/boy/	akachan
2020	M	15	蒼大	そうた	38位		https://www.akachan.jp/maternity/ranking/2020/boy/	akachan
2020	M	15	律	りつ	4位		https://www.akachan.jp/maternity/ranking/2020/boy/	akachan
2020	M	17	陽大	ようた	21位		https://www.akachan.jp/maternity/ranking/2020/boy/	akachan
2020	M	18	悠斗	ゆうと	24位		https://www.akachan.jp/maternity/ranking/2020/boy/	akachan
2020	M	18	陽斗	はると	14位		https://www.akachan.jp/maternity/ranking/2020/boy/	akachan
2020	M	20	悠人	ゆうと	11位		https://www.akachan.jp/maternity/ranking/2020/boy/	akachan
2020	M	20	陽太	ようた	14位		https://www.akachan.jp/maternity/ranking/2020/boy/	akachan
2020	M	21	陸	りく	20位		https://www.akachan.jp/maternity/ranking/2020/boy/	akachan
2020	M	21	颯真	そうま	11位		https://www.akachan.jp/maternity/ranking/2020/boy/	akachan
2020	M	23	結斗	ゆうと	30位		https://www.akachan.jp/maternity/ranking/2020/boy/	akachan
2020	M	23	悠	ゆう	18位		https://www.akachan.jp/maternity/ranking/2020/boy/	akachan
2020	M	25	朔	さく	46位		https://www.akachan.jp/maternity/ranking/2020/boy/	akachan
2020	M	26	結翔	ゆうと	11位		https://www.akachan.jp/maternity/ranking/2020/boy/	akachan
2020	M	26	新	あらた	18位		https://www.akachan.jp/maternity/ranking/2020/boy/	akachan
2020	M	26	蒼空	そら	44位		https://www.akachan.jp/maternity/ranking/2020/boy/	akachan
2020	M	26	暖	だん	30位		https://www.akachan.jp/maternity/ranking/2020/boy/	akachan
2020	M	30	奏汰	そうた	25位		https://www.akachan.jp/maternity/ranking/2020/boy/	akachan
2020	M	31	楓	かえで	80位		https://www.akachan.jp/maternity/ranking/2020/boy/	akachan
2020	M	32	旭	あさひ	30位		https://www.akachan.jp/maternity/ranking/2020/boy/	akachan
2020	M	32	陽	はる	23位		https://www.akachan.jp/maternity/ranking/2020/boy/	akachan
2020	M	34	瑛斗	えいと	29位		https://www.akachan.jp/maternity/ranking/2020/boy/	akachan
2020	M	35	碧人	あおと	87位		https://www.akachan.jp/maternity/ranking/2020/boy/	akachan
2020	M	36	海斗	かいと	28位		https://www.akachan.jp/maternity/ranking/2020/boy/	akachan
2020	M	36	颯太	そうた	38位		https://www.akachan.jp/maternity/ranking/2020/boy/	akachan
2020	M	38	岳	がく	25位		https://www.akachan.jp/maternity/ranking/2020/boy/	akachan
2020	M	38	瑛太	えいた	42位		https://www.akachan.jp/maternity/ranking/2020/boy/	akachan
2020	M	38	凪	なぎ	100位		https://www.akachan.jp/maternity/ranking/2020/boy/	akachan
2020	M	38	奏太	そうた	25位		https://www.akachan.jp/maternity/ranking/2020/boy/	akachan
2020	M	42	絢斗	あやと	44位		https://www.akachan.jp/maternity/ranking/2020/boy/	akachan
2020	M	42	遥斗	はると	61位		https://www.akachan.jp/maternity/ranking/2020/boy/	akachan
2020	M	44	海翔	かいと	46位		https://www.akachan.jp/maternity/ranking/2020/boy/	akachan
2020	M	44	蒼生	いぶき	92位		https://www.akachan.jp/maternity/ranking/2020/boy/	akachan
2020	M	44	琥太郎	こたろう	87位		https://www.akachan.jp/maternity/ranking/2020/boy/	akachan
2020	M	47	碧斗	あおと	66位		https://www.akachan.jp/maternity/ranking/2020/boy/	akachan
2020	M	47	颯汰	そうた	55位		https://www.akachan.jp/maternity/ranking/2020/boy/	akachan
2020	M	47	悠翔	ゆうと	30位		https://www.akachan.jp/maternity/ranking/2020/boy/	akachan
2020	M	50	空	そら	98位		https://www.akachan.jp/maternity/ranking/2020/boy/	akachan
2020	M	50	陸⽃	りくと	80位		https://www.akachan.jp/maternity/ranking/2020/boy/	akachan
2020	M	52	大雅	たいが	38位		https://www.akachan.jp/maternity/ranking/2020/boy/	akachan
2020	M	52	颯人	はやと	66位		https://www.akachan.jp/maternity/ranking/2020/boy/	akachan
2020	M	52	櫂	かい	92位		https://www.akachan.jp/maternity/ranking/2020/boy/	akachan
2020	M	55	晴	はると	30位		https://www.akachan.jp/maternity/ranking/2020/boy/	akachan
2020	M	55	仁	じん	55位		https://www.akachan.jp/maternity/ranking/2020/boy/	akachan
2020	M	55	蒼真	そうま	53位		https://www.akachan.jp/maternity/ranking/2020/boy/	akachan
2020	M	55	蓮斗	れんと	143位		https://www.akachan.jp/maternity/ranking/2020/boy/	akachan
2020	M	55	琉⽣	りゅうせい	36位		https://www.akachan.jp/maternity/ranking/2020/boy/	akachan
2020	M	60	葵	あおい	66位		https://www.akachan.jp/maternity/ranking/2020/boy/	akachan
2020	M	60	健	たける	107位		https://www.akachan.jp/maternity/ranking/2020/boy/	akachan
2020	M	60	晴翔	はると	59位		https://www.akachan.jp/maternity/ranking/2020/boy/	akachan
2020	M	60	迅	じん	224位		https://www.akachan.jp/maternity/ranking/2020/boy/	akachan
2020	M	60	太陽	たいよう	175位		https://www.akachan.jp/maternity/ranking/2020/boy/	akachan
2020	M	65	⻁太郎	こたろう	165位		https://www.akachan.jp/maternity/ranking/2020/boy/	akachan
2020	M	65	結人	ゆいと	66位		https://www.akachan.jp/maternity/ranking/2020/boy/	akachan
2020	M	65	湊人	みなと	107位		https://www.akachan.jp/maternity/ranking/2020/boy/	akachan
2020	M	65	蒼士	そうし	76位		https://www.akachan.jp/maternity/ranking/2020/boy/	akachan
2020	M	65	柊	しゅう	128位		https://www.akachan.jp/maternity/ranking/2020/boy/	akachan
2020	M	65	理仁	りひと	189位		https://www.akachan.jp/maternity/ranking/2020/boy/	akachan
2020	M	65	翼	つばさ	66位		https://www.akachan.jp/maternity/ranking/2020/boy/	akachan
2020	M	65	理⼈	りひと	175位		https://www.akachan.jp/maternity/ranking/2020/boy/	akachan
2020	M	65	昊	こう	100位		https://www.akachan.jp/maternity/ranking/2020/boy/	akachan
2020	M	65	怜	れい	66位		https://www.akachan.jp/maternity/ranking/2020/boy/	akachan
2020	M	75	結仁	ゆいと	100位		https://www.akachan.jp/maternity/ranking/2020/boy/	akachan
2020	M	75	湊太	そうた	66位		https://www.akachan.jp/maternity/ranking/2020/boy/	akachan
2020	M	75	蒼人	あおと	128位		https://www.akachan.jp/maternity/ranking/2020/boy/	akachan
2020	M	75	蒼太	そうた	46位		https://www.akachan.jp/maternity/ranking/2020/boy/	akachan
2020	M	75	涼真	りょうま	61位		https://www.akachan.jp/maternity/ranking/2020/boy/	akachan
2020	M	80	湊翔	みなと	46位		https://www.akachan.jp/maternity/ranking/2020/boy/	akachan
2020	M	80	悠生	ゆうせい	57位		https://www.akachan.jp/maternity/ranking/2020/boy/	akachan
2020	M	80	廉	れん	117位		https://www.akachan.jp/maternity/ranking/2020/boy/	akachan
2020	M	83	航	わたる	117位		https://www.akachan.jp/maternity/ranking/2020/boy/	akachan
2020	M	83	慧	さとし	100位		https://www.akachan.jp/maternity/ranking/2020/boy/	akachan
2020	M	83	優	ゆう	57位		https://www.akachan.jp/maternity/ranking/2020/boy/	akachan
2020	M	83	奏斗	かなと	59位		https://www.akachan.jp/maternity/ranking/2020/boy/	akachan
2020	M	83	大晴	たいせい	107位		https://www.akachan.jp/maternity/ranking/2020/boy/	akachan
2020	M	88	一颯	いぶき	46位		https://www.akachan.jp/maternity/ranking/2020/boy/	akachan
2020	M	88	航大	こうた	107位		https://www.akachan.jp/maternity/ranking/2020/boy/	akachan
2020	M	88	光	ひかる	165位		https://www.akachan.jp/maternity/ranking/2020/boy/	akachan
2020	M	88	尊	たかし	244位		https://www.akachan.jp/maternity/ranking/2020/boy/	akachan
2020	M	88	奏多	かなた	66位		https://www.akachan.jp/maternity/ranking/2020/boy/	akachan
2020	M	88	佑	ゆう	128位		https://www.akachan.jp/maternity/ranking/2020/boy/	akachan
2020	M	88	大輝	だいき	92位		https://www.akachan.jp/maternity/ranking/2020/boy/	akachan
2020	M	88	壮真	そうま	61位		https://www.akachan.jp/maternity/ranking/2020/boy/	akachan
2020	M	88	大知	だいち	80位		https://www.akachan.jp/maternity/ranking/2020/boy/	akachan
2020	M	88	優斗	ゆうと	76位		https://www.akachan.jp/maternity/ranking/2020/boy/	akachan
2020	M	88	凛太朗	りんたろう	117位		https://www.akachan.jp/maternity/ranking/2020/boy/	akachan
2020	M	99	匠	たくみ	92位		https://www.akachan.jp/maternity/ranking/2020/boy/	akachan
2020	M	99	湊大	そうた	41位		https://www.akachan.jp/maternity/ranking/2020/boy/	akachan
2020	M	99	悠希	はるき	98位		https://www.akachan.jp/maternity/ranking/2020/boy/	akachan
2020	M	99	善	ぜん	244位		https://www.akachan.jp/maternity/ranking/2020/boy/	akachan
2020	M	99	颯馬	そうま	512位		https://www.akachan.jp/maternity/ranking/2020/boy/	akachan
2020	M	99	律希	りつき	154位		https://www.akachan.jp/maternity/ranking/2020/boy/	akachan
2020	F	2020	名前	主な読み	2019年順位		https://www.akachan.jp/maternity/ranking/2020/girl/	akachan
2020	F	1	陽葵	ひまり	1位		https://www.akachan.jp/maternity/ranking/2020/girl/	akachan
2020	F	2	紬	つむぎ	4位		https://www.akachan.jp/maternity/ranking/2020/girl/	akachan
2020	F	3	芽依	めい	2位		https://www.akachan.jp/maternity/ranking/2020/girl/	akachan
2020	F	4	凛	りん	3位		https://www.akachan.jp/maternity/ranking/2020/girl/	akachan
2020	F	5	澪	みお	9位		https://www.akachan.jp/maternity/ranking/2020/girl/	akachan
2020	F	6	結愛	ゆあ	6位		https://www.akachan.jp/maternity/ranking/2020/girl/	akachan
2020	F	7	結月	ゆづき	14位		https://www.akachan.jp/maternity/ranking/2020/girl/	akachan
2020	F	8	結衣	ゆい	22位		https://www.akachan.jp/maternity/ranking/2020/girl/	akachan
2020	F	9	結菜	ゆうな	10位		https://www.akachan.jp/maternity/ranking/2020/girl/	akachan
2020	F	10	楓	かえで	16位		https://www.akachan.jp/maternity/ranking/2020/girl/	akachan
2020	F	11	葵	あおい	8位		https://www.akachan.jp/maternity/ranking/2020/girl/	akachan
2020	F	12	莉子	りこ	5位		https://www.akachan.jp/maternity/ranking/2020/girl/	akachan
2020	F	13	美月	みつき	14位		https://www.akachan.jp/maternity/ranking/2020/girl/	akachan
2020	F	14	杏	あん	11位		https://www.akachan.jp/maternity/ranking/2020/girl/	akachan
2020	F	15	陽菜	ひな	12位		https://www.akachan.jp/maternity/ranking/2020/girl/	akachan
2020	F	16	ひなた	ひなた	21位		https://www.akachan.jp/maternity/ranking/2020/girl/	akachan
2020	F	17	ひかり	ひかり	17位		https://www.akachan.jp/maternity/ranking/2020/girl/	akachan
2020	F	18	ひまり	ひまり	19位		https://www.akachan.jp/maternity/ranking/2020/girl/	akachan
2020	F	19	凜	りん	20位		https://www.akachan.jp/maternity/ranking/2020/girl/	akachan
2020	F	20	あかり	あかり	18位		https://www.akachan.jp/maternity/ranking/2020/girl/	akachan
2020	F	21	陽菜乃	ひなの	26位		https://www.akachan.jp/maternity/ranking/2020/girl/	akachan
2020	F	22	澪	みお	9位		https://www.akachan.jp/maternity/ranking/2020/girl/	akachan
2020	F	22	心陽	みはる	31位		https://www.akachan.jp/maternity/ranking/2020/girl/	akachan
2020	F	24	杏	あん	11位		https://www.akachan.jp/maternity/ranking/2020/girl/	akachan
2020	F	24	琴葉	ことは	25位		https://www.akachan.jp/maternity/ranking/2020/girl/	akachan
2020	F	26	楓	かえで	16位		https://www.akachan.jp/maternity/ranking/2020/girl/	akachan
2020	F	27	ひまり	ひまり	19位		https://www.akachan.jp/maternity/ranking/2020/girl/	akachan
2020	F	28	蘭	らん	53位		https://www.akachan.jp/maternity/ranking/2020/girl/	akachan
2020	F	28	柚希	ゆずき	47位		https://www.akachan.jp/maternity/ranking/2020/girl/	akachan
2020	F	28	凪	なぎ	53位		https://www.akachan.jp/maternity/ranking/2020/girl/	akachan
2020	F	31	柚葉	ゆずは	47位		https://www.akachan.jp/maternity/ranking/2020/girl/	akachan
2020	F	31	いろは	いろは	41位		https://www.akachan.jp/maternity/ranking/2020/girl/	akachan
2020	F	33	朱莉	あかり	34位		https://www.akachan.jp/maternity/ranking/2020/girl/	akachan
2020	F	33	ひより	ひより	60位		https://www.akachan.jp/maternity/ranking/2020/girl/	akachan
2020	F	35	心春	ここは	33位		https://www.akachan.jp/maternity/ranking/2020/girl/	akachan
2020	F	35	心結	みゆ	41位		https://www.akachan.jp/maternity/ranking/2020/girl/	akachan
2020	F	37	美結	みゆ	39位		https://www.akachan.jp/maternity/ranking/2020/girl/	akachan
2020	F	38	杏奈	あんな	24位		https://www.akachan.jp/maternity/ranking/2020/girl/	akachan
2020	F	39	玲奈	れな	84位		https://www.akachan.jp/maternity/ranking/2020/girl/	akachan
2020	F	39	紬希	つむぎ	56位		https://www.akachan.jp/maternity/ranking/2020/girl/	akachan
2020	F	39	詩	うた	38位		https://www.akachan.jp/maternity/ranking/2020/girl/	akachan
2020	F	42	莉央	りお	45位		https://www.akachan.jp/maternity/ranking/2020/girl/	akachan
2020	F	43	七海	ななみ	62位		https://www.akachan.jp/maternity/ranking/2020/girl/	akachan
2020	F	44	莉緒	りお	36位		https://www.akachan.jp/maternity/ranking/2020/girl/	akachan
2020	F	44	優奈	ゆうな	56位		https://www.akachan.jp/maternity/ranking/2020/girl/	akachan
2020	F	46	紗奈	さな	58位		https://www.akachan.jp/maternity/ranking/2020/girl/	akachan
2020	F	46	紗菜	さな	112位		https://www.akachan.jp/maternity/ranking/2020/girl/	akachan
2020	F	46	花音	かのん	31位		https://www.akachan.jp/maternity/ranking/2020/girl/	akachan
2020	F	49	咲茉	えま	76位		https://www.akachan.jp/maternity/ranking/2020/girl/	akachan
2020	F	49	結	ゆい	53位		https://www.akachan.jp/maternity/ranking/2020/girl/	akachan
2020	F	49	すみれ	すみれ	30位		https://www.akachan.jp/maternity/ranking/2020/girl/	akachan
2020	F	49	一華	いちか	28位		https://www.akachan.jp/maternity/ranking/2020/girl/	akachan
2020	F	53	桜	さくら	41位		https://www.akachan.jp/maternity/ranking/2020/girl/	akachan
2020	F	54	美羽	みう	62位		https://www.akachan.jp/maternity/ranking/2020/girl/	akachan
2020	F	54	つむぎ	つむぎ	41位		https://www.akachan.jp/maternity/ranking/2020/girl/	akachan
2020	F	56	明莉	あかり	102位		https://www.akachan.jp/maternity/ranking/2020/girl/	akachan
2020	F	56	陽咲	ひなた	102位		https://www.akachan.jp/maternity/ranking/2020/girl/	akachan
2020	F	56	千尋	ちひろ	126位		https://www.akachan.jp/maternity/ranking/2020/girl/	akachan
2020	F	56	柚月	ゆづき	91位		https://www.akachan.jp/maternity/ranking/2020/girl/	akachan
2020	F	56	愛梨	あいり	97位		https://www.akachan.jp/maternity/ranking/2020/girl/	akachan
2020	F	56	芽生	めい	26位		https://www.akachan.jp/maternity/ranking/2020/girl/	akachan
2020	F	56	咲希	さき	47位		https://www.akachan.jp/maternity/ranking/2020/girl/	akachan
2020	F	56	愛菜	あいな	79位		https://www.akachan.jp/maternity/ranking/2020/girl/	akachan
2020	F	56	音羽	おとは	292位		https://www.akachan.jp/maternity/ranking/2020/girl/	akachan
2020	F	65	莉愛	りあ	68位		https://www.akachan.jp/maternity/ranking/2020/girl/	akachan
2020	F	65	唯愛	ゆあ	163位		https://www.akachan.jp/maternity/ranking/2020/girl/	akachan
2020	F	65	碧	あおい	194位		https://www.akachan.jp/maternity/ranking/2020/girl/	akachan
2020	F	65	乃愛	のあ	60位		https://www.akachan.jp/maternity/ranking/2020/girl/	akachan
2020	F	65	あおい	あおい	79位		https://www.akachan.jp/maternity/ranking/2020/girl/	akachan
2020	F	70	琴音	ことね	64位		https://www.akachan.jp/maternity/ranking/2020/girl/	akachan
2020	F	71	菫	すみれ	47位		https://www.akachan.jp/maternity/ranking/2020/girl/	akachan
2020	F	71	穂香	ほのか	135位		https://www.akachan.jp/maternity/ranking/2020/girl/	akachan
2020	F	71	心遥	みはる	135位		https://www.akachan.jp/maternity/ranking/2020/girl/	akachan
2020	F	71	愛奈	あいな	135位		https://www.akachan.jp/maternity/ranking/2020/girl/	akachan
2020	F	71	菜々美	ななみ	76位		https://www.akachan.jp/maternity/ranking/2020/girl/	akachan
2020	F	71	葵衣	あおい	84位		https://www.akachan.jp/maternity/ranking/2020/girl/	akachan
2020	F	77	美琴	みこと	72位		https://www.akachan.jp/maternity/ranking/2020/girl/	akachan
2020	F	77	優愛	ゆあ	97位		https://www.akachan.jp/maternity/ranking/2020/girl/	akachan
2020	F	77	穂乃花	ほのか	64位		https://www.akachan.jp/maternity/ranking/2020/girl/	akachan
2020	F	77	紗良	さら	112位		https://www.akachan.jp/maternity/ranking/2020/girl/	akachan
2020	F	77	雫	しずく	68位		https://www.akachan.jp/maternity/ranking/2020/girl/	akachan
2020	F	77	依茉	えま	102位		https://www.akachan.jp/maternity/ranking/2020/girl/	akachan
2020	F	77	ほのか	ほのか	72位		https://www.akachan.jp/maternity/ranking/2020/girl/	akachan
2020	F	77	結心	ゆみ	97位		https://www.akachan.jp/maternity/ranking/2020/girl/	akachan
2020	F	85	怜奈	れな	64位		https://www.akachan.jp/maternity/ranking/2020/girl/	akachan
2020	F	85	優月	ゆづき	123位		https://www.akachan.jp/maternity/ranking/2020/girl/	akachan
2020	F	85	明日香	あすか	163位		https://www.akachan.jp/maternity/ranking/2020/girl/	akachan
2020	F	85	心咲	みさき	91位		https://www.akachan.jp/maternity/ranking/2020/girl/	akachan
2020	F	85	詩乃	しの	97位		https://www.akachan.jp/maternity/ranking/2020/girl/	akachan
2020	F	85	美咲	みさき	68位		https://www.akachan.jp/maternity/ranking/2020/girl/	akachan
2020	F	85	百花	ももか	99位		https://www.akachan.jp/maternity/ranking/2020/girl/	akachan
2020	F	85	美波	みなみ	150位		https://www.akachan.jp/maternity/ranking/2020/girl/	akachan
2020	F	85	えま	えま	194位		https://www.akachan.jp/maternity/ranking/2020/girl/	akachan
2020	F	85	彩羽	いろは	52位		https://www.akachan.jp/maternity/ranking/2020/girl/	akachan
2020	F	85	一花	いちか	36位		https://www.akachan.jp/maternity/ranking/2020/girl/	akachan
2020	F	96	梨乃	りの	150位		https://www.akachan.jp/maternity/ranking/2020/girl/	akachan
2020	F	96	鈴	すず	64位		https://www.akachan.jp/maternity/ranking/2020/girl/	akachan
2020	F	96	栞奈	かんな	102位		https://www.akachan.jp/maternity/ranking/2020/girl/	akachan
2020	F	96	和花	わか	112位		https://www.akachan.jp/maternity/ranking/2020/girl/	akachan
2020	F	96	帆夏	ほのか	575位		https://www.akachan.jp/maternity/ranking/2020/girl/	akachan
2020	F	96	美玲	みれい	112位		https://www.akachan.jp/maternity/ranking/2020/girl/	akachan
2020	F	96	帆花	ほのか	163位		https://www.akachan.jp/maternity/ranking/2020/girl/	akachan
2020	F	96	日向子	ひなこ	575位		https://www.akachan.jp/maternity/ranking/2020/girl/	akachan
2020	F	96	椿	つばき	126位		https://www.akachan.jp/maternity/ranking/2020/girl/	akachan
2020	F	96	愛莉	あいり	40位		https://www.akachan.jp/maternity/ranking/2020/girl/	akachan
2020	F	96	愛茉	えま	176位		https://www.akachan.jp/maternity/ranking/2020/girl/	akachan
2020	F	96	いちか	いちか	112位		https://www.akachan.jp/maternity/ranking/2020/girl/	akachan
2020	F	96	花	はな	29位		https://www.akachan.jp/maternity/ranking/2020/girl/	akachan
2021	M	2021	名前	主な読み	2020年順位	31644	https://www.akachan.jp/maternity/ranking/2021/	akachan
2021	M	1	陽翔	はると	2位	31644	https://www.akachan.jp/maternity/ranking/2021/	akachan
2021	M	2	結翔	ゆいと	26位	31644	https://www.akachan.jp/maternity/ranking/2021/	akachan
2021	M	3	碧	あおい	10位	31644	https://www.akachan.jp/maternity/ranking/2021/	akachan
2021	M	4	蓮	れん	1位	31644	https://www.akachan.jp/maternity/ranking/2021/	akachan
2021	M	5	大翔	ひろと	7位	31644	https://www.akachan.jp/maternity/ranking/2021/	akachan
2021	M	5	湊	みなと	3位	31644	https://www.akachan.jp/maternity/ranking/2021/	akachan
2021	M	7	悠真	ゆうま	4位	31644	https://www.akachan.jp/maternity/ranking/2021/	akachan
2021	M	8	颯真	そうま	21位	31644	https://www.akachan.jp/maternity/ranking/2021/	akachan
2021	M	9	朝陽	あさひ	13位	31644	https://www.akachan.jp/maternity/ranking/2021/	akachan
2021	M	9	蒼	あおい	5位	31644	https://www.akachan.jp/maternity/ranking/2021/	akachan
2021	M	9	陽	はる	32位	31644	https://www.akachan.jp/maternity/ranking/2021/	akachan
2021	M	12	樹	いつき	6位	31644	https://www.akachan.jp/maternity/ranking/2021/	akachan
2021	M	13	律	りつ	15位	31644	https://www.akachan.jp/maternity/ranking/2021/	akachan
2021	M	14	伊織	いおり	12位	31644	https://www.akachan.jp/maternity/ranking/2021/	akachan
2021	M	15	悠	ゆう	23位	31644	https://www.akachan.jp/maternity/ranking/2021/	akachan
2021	M	15	陽大	ようた	17位	31644	https://www.akachan.jp/maternity/ranking/2021/	akachan
2021	M	17	蒼空	そら	26位	31644	https://www.akachan.jp/maternity/ranking/2021/	akachan
2021	M	17	陽向	ひなた	13位	31644	https://www.akachan.jp/maternity/ranking/2021/	akachan
2021	M	17	悠斗	ゆうと	18位	31644	https://www.akachan.jp/maternity/ranking/2021/	akachan
2021	M	17	陸	りく	21位	31644	https://www.akachan.jp/maternity/ranking/2021/	akachan
2021	M	21	凪	なぎ	38位	31644	https://www.akachan.jp/maternity/ranking/2021/	akachan
2021	M	21	暖	だん	26位	31644	https://www.akachan.jp/maternity/ranking/2021/	akachan
2021	F	2021	名前	主な読み	2020年順位	31644	https://www.akachan.jp/maternity/ranking/2021/	akachan
2021	F	1	さくら	さくら	6位	31644	https://www.akachan.jp/maternity/ranking/2021/	akachan
2021	F	2	陽葵	ひまり	1位	31644	https://www.akachan.jp/maternity/ranking/2021/	akachan
2021	F	3	紬	つむぎ	9位	31644	https://www.akachan.jp/maternity/ranking/2021/	akachan
2021	F	4	芽依	めい	2位	31644	https://www.akachan.jp/maternity/ranking/2021/	akachan
2021	F	5	澪	みお	22位	31644	https://www.akachan.jp/maternity/ranking/2021/	akachan
2021	F	6	凛	りん	13位	31644	https://www.akachan.jp/maternity/ranking/2021/	akachan
2021	F	7	彩葉	いろは	16位	31644	https://www.akachan.jp/maternity/ranking/2021/	akachan
2021	F	8	莉子	りこ	10位	31644	https://www.akachan.jp/maternity/ranking/2021/	akachan
2021	F	8	結菜	ゆうな	5位	31644	https://www.akachan.jp/maternity/ranking/2021/	akachan
2021	F	8	結愛	ゆあ	4位	31644	https://www.akachan.jp/maternity/ranking/2021/	akachan
2021	F	11	陽菜	ひな	3位	31644	https://www.akachan.jp/maternity/ranking/2021/	akachan
2021	F	11	あかり	あかり	7位	31644	https://www.akachan.jp/maternity/ranking/2021/	akachan
2021	F	11	ひかり	ひかり	18位	31644	https://www.akachan.jp/maternity/ranking/2021/	akachan
2021	F	14	葵	あおい	8位	31644	https://www.akachan.jp/maternity/ranking/2021/	akachan
2021	F	15	結衣	ゆい	13位	31644	https://www.akachan.jp/maternity/ranking/2021/	akachan
2021	F	16	ひまり	ひまり	27位	31644	https://www.akachan.jp/maternity/ranking/2021/	akachan
2021	F	16	ひなた	ひなた	16位	31644	https://www.akachan.jp/maternity/ranking/2021/	akachan
2021	F	18	つむぎ	つむぎ	54位	31644	https://www.akachan.jp/maternity/ranking/2021/	akachan
2021	F	19	陽菜乃	ひなの	21位	31644	https://www.akachan.jp/maternity/ranking/2021/	akachan
2021	F	20	凜	りん	20位	31644	https://www.akachan.jp/maternity/ranking/2021/	akachan
2021	F	20	咲良	さくら	11位	31644	https://www.akachan.jp/maternity/ranking/2021/	akachan
2021	F	20	結月	ゆづき	11位	31644	https://www.akachan.jp/maternity/ranking/2021/	akachan
2021	F	21	美月	みつき	18位	31644	https://www.akachan.jp/maternity/ranking/2021/	akachan
2022	M	2022	名前	主な読み	2021年順位		https://www.akachan.jp/maternity/ranking/2022/boy/	akachan
2022	M	1	蒼	あおい	9位		https://www.akachan.jp/maternity/ranking/2022/boy/	akachan
2022	M	2	陽翔	はると	1位		https://www.akachan.jp/maternity/ranking/2022/boy/	akachan
2022	M	3	蓮	れん	4位		https://www.akachan.jp/maternity/ranking/2022/boy/	akachan
2022	M	4	陽向	ひなた	17位		https://www.akachan.jp/maternity/ranking/2022/boy/	akachan
2022	M	4	碧	あおい	3位		https://www.akachan.jp/maternity/ranking/2022/boy/	akachan
2022	M	6	湊	みなと	5位		https://www.akachan.jp/maternity/ranking/2022/boy/	akachan
2022	M	7	蒼空	そら	17位		https://www.akachan.jp/maternity/ranking/2022/boy/	akachan
2022	M	7	颯真	そうま	8位		https://www.akachan.jp/maternity/ranking/2022/boy/	akachan
2022	M	9	朝陽	あさひ	9位		https://www.akachan.jp/maternity/ranking/2022/boy/	akachan
2022	M	10	湊斗	みなと	30位		https://www.akachan.jp/maternity/ranking/2022/boy/	akachan
2022	F	2022	名前	主な読み	2021年順位		https://www.akachan.jp/maternity/ranking/2022/girl/	akachan
2022	F	1	陽葵	ひまり	2位		https://www.akachan.jp/maternity/ranking/2022/girl/	akachan
2022	F	2	さくら	さくら	1位		https://www.akachan.jp/maternity/ranking/2022/girl/	akachan
2022	F	3	ひなた	ひなた	16位		https://www.akachan.jp/maternity/ranking/2022/girl/	akachan
2022	F	4	結菜	ゆうな	8位		https://www.akachan.jp/maternity/ranking/2022/girl/	akachan
2022	F	5	結愛	ゆあ	8位		https://www.akachan.jp/maternity/ranking/2022/girl/	akachan
2022	F	6	凛	りん	6位		https://www.akachan.jp/maternity/ranking/2022/girl/	akachan
2022	F	6	ひかり	ひかり	11位		https://www.akachan.jp/maternity/ranking/2022/girl/	akachan
2022	F	8	あかり	あかり	11位		https://www.akachan.jp/maternity/ranking/2022/girl/	akachan
2022	F	8	ひまり	ひまり	16位		https://www.akachan.jp/maternity/ranking/2022/girl/	akachan
2022	F	10	陽菜乃	ひなの	19位		https://www.akachan.jp/maternity/ranking/2022/girl/	akachan
2022	F	10	一華	いちか	37位		https://www.akachan.jp/maternity/ranking/2022/girl/	akachan
2023	M	2023	名前	主な読み	22年順位		https://www.akachan.jp/maternity/ranking/2023/boy/	akachan
2023	M	1	陽翔	はると	2位		https://www.akachan.jp/maternity/ranking/2023/boy/	akachan
2023	M	2	結翔	ゆいと	21位		https://www.akachan.jp/maternity/ranking/2023/boy/	akachan
2023	M	3	颯	そう	27位		https://www.akachan.jp/maternity/ranking/2023/boy/	akachan
2023	M	4	朝陽	あさひ	9位		https://www.akachan.jp/maternity/ranking/2023/boy/	akachan
2023	M	4	蓮	れん	3位		https://www.akachan.jp/maternity/ranking/2023/boy/	akachan
2023	M	4	湊斗	みなと	10位		https://www.akachan.jp/maternity/ranking/2023/boy/	akachan
2023	M	4	蒼	あおい	1位		https://www.akachan.jp/maternity/ranking/2023/boy/	akachan
2023	M	8	樹	いつき	13位		https://www.akachan.jp/maternity/ranking/2023/boy/	akachan
2023	M	8	大翔	ひろと	16位		https://www.akachan.jp/maternity/ranking/2023/boy/	akachan
2023	M	10	陽大	ようた	21位		https://www.akachan.jp/maternity/ranking/2023/boy/	akachan
2023	M	10	伊織	いおり	11位		https://www.akachan.jp/maternity/ranking/2023/boy/	akachan
2023	M	10	律	りつ	17位		https://www.akachan.jp/maternity/ranking/2023/boy/	akachan
2023	M	10	琉生	りゅうせい	18位		https://www.akachan.jp/maternity/ranking/2023/boy/	akachan
2023	M	10	陽向	ひなた	4位		https://www.akachan.jp/maternity/ranking/2023/boy/	akachan
2023	M	10	大和	やまと	26位		https://www.akachan.jp/maternity/ranking/2023/boy/	akachan
2023	F	2023	名前	主な読み	22年順位		https://www.akachan.jp/maternity/ranking/2023/girl/	akachan
2023	F	1	さくら	さくら	2位		https://www.akachan.jp/maternity/ranking/2023/girl/	akachan
2023	F	2	ひなた	ひなた	3位		https://www.akachan.jp/maternity/ranking/2023/girl/	akachan
2023	F	3	陽葵	ひまり	1位		https://www.akachan.jp/maternity/ranking/2023/girl/	akachan
2023	F	3	つむぎ	つむぎ	29位		https://www.akachan.jp/maternity/ranking/2023/girl/	akachan
2023	F	5	陽菜乃	ひなの	10位		https://www.akachan.jp/maternity/ranking/2023/girl/	akachan
2023	F	6	ひかり	ひかり	6位		https://www.akachan.jp/maternity/ranking/2023/girl/	akachan
2023	F	6	あかり	あかり	8位		https://www.akachan.jp/maternity/ranking/2023/girl/	akachan
2023	F	8	いろは	いろは	42位		https://www.akachan.jp/maternity/ranking/2023/girl/	akachan
2023	F	8	すみれ	すみれ	21位		https://www.akachan.jp/maternity/ranking/2023/girl/	akachan
2023	F	10	凛	りん	6位		https://www.akachan.jp/maternity/ranking/2023/girl/	akachan
2024	M	1	湊	みなと	56位		https://www.akachan.jp/maternity/ranking/2024/boy/	akachan
2024	M	2	蓮	れん	4位		https://www.akachan.jp/maternity/ranking/2024/boy/	akachan
2024	M	3	樹	いつき	8位		https://www.akachan.jp/maternity/ranking/2024/boy/	akachan
2024	M	3	陽翔	はると	1位		https://www.akachan.jp/maternity/ranking/2024/boy/	akachan
2024	M	5	伊織	いおり	10位		https://www.akachan.jp/maternity/ranking/2024/boy/	akachan
2024	M	5	凪	なぎ	16位		https://www.akachan.jp/maternity/ranking/2024/boy/	akachan
2024	M	5	藍	らん	ー		https://www.akachan.jp/maternity/ranking/2024/boy/	akachan
2024	M	8	晴	はる	ー		https://www.akachan.jp/maternity/ranking/2024/boy/	akachan
2024	M	8	朝陽	あさひ	4位		https://www.akachan.jp/maternity/ranking/2024/boy/	akachan
2024	M	8	碧	あお	16位		https://www.akachan.jp/maternity/ranking/2024/boy/	akachan
2024	M	11	蒼空	そら	39位		https://www.akachan.jp/maternity/ranking/2024/boy/	akachan
2024	M	11	蒼大	そうた	ー		https://www.akachan.jp/maternity/ranking/2024/boy/	akachan
2024	M	11	湊斗	みなと	4位		https://www.akachan.jp/maternity/ranking/2024/boy/	akachan
2024	M	11	悠真	ゆうま	76位		https://www.akachan.jp/maternity/ranking/2024/boy/	akachan
2024	M	11	陽向	ひなた	10位		https://www.akachan.jp/maternity/ranking/2024/boy/	akachan
2024	M	16	結斗	ゆうと	31位		https://www.akachan.jp/maternity/ranking/2024/boy/	akachan
2024	M	16	大和	やまと	10位		https://www.akachan.jp/maternity/ranking/2024/boy/	akachan
2024	M	16	颯	そう	2位		https://www.akachan.jp/maternity/ranking/2024/boy/	akachan
2024	M	19	旭	あさひ	ー		https://www.akachan.jp/maternity/ranking/2024/boy/	akachan
2024	M	19	伊吹	いぶき	ー		https://www.akachan.jp/maternity/ranking/2024/boy/	akachan
2024	M	19	結翔	ゆいと	2位		https://www.akachan.jp/maternity/ranking/2024/boy/	akachan
2024	M	19	朔	さく	39位		https://www.akachan.jp/maternity/ranking/2024/boy/	akachan
2024	M	19	奏多	かなた	39位		https://www.akachan.jp/maternity/ranking/2024/boy/	akachan
2024	M	19	律	りつ	10位		https://www.akachan.jp/maternity/ranking/2024/boy/	akachan
2024	M	25	新	あらた	23位		https://www.akachan.jp/maternity/ranking/2024/boy/	akachan
2024	M	25	千颯	ちはや	ー		https://www.akachan.jp/maternity/ranking/2024/boy/	akachan
2024	M	25	遥斗	はると	23位		https://www.akachan.jp/maternity/ranking/2024/boy/	akachan
2024	M	25	陽大	ようた	10位		https://www.akachan.jp/maternity/ranking/2024/boy/	akachan
2024	M	29	翠	すい	ー		https://www.akachan.jp/maternity/ranking/2024/boy/	akachan
2024	M	29	大翔	ひろと	8位		https://www.akachan.jp/maternity/ranking/2024/boy/	akachan
2024	M	29	湊音	みなと	ー		https://www.akachan.jp/maternity/ranking/2024/boy/	akachan
2024	M	29	颯真	そうま	16位		https://www.akachan.jp/maternity/ranking/2024/boy/	akachan
2024	F	1	凛	りん	9位		https://www.akachan.jp/maternity/ranking/2024/girl/	akachan
2024	F	2	紬	つむぎ	13位		https://www.akachan.jp/maternity/ranking/2024/girl/	akachan
2024	F	3	陽葵	ひまり	3位		https://www.akachan.jp/maternity/ranking/2024/girl/	akachan
2024	F	4	翠	すい	33位		https://www.akachan.jp/maternity/ranking/2024/girl/	akachan
2024	F	4	美桜	みお	13位		https://www.akachan.jp/maternity/ranking/2024/girl/	akachan
2024	F	4	陽菜	ひな	2位		https://www.akachan.jp/maternity/ranking/2024/girl/	akachan
2024	F	7	柚乃	ゆの	72位		https://www.akachan.jp/maternity/ranking/2024/girl/	akachan
2024	F	7	莉緒	りお	-		https://www.akachan.jp/maternity/ranking/2024/girl/	akachan
2024	F	9	葵	あおい	28位		https://www.akachan.jp/maternity/ranking/2024/girl/	akachan
2024	F	9	彩葉	いろは	72位		https://www.akachan.jp/maternity/ranking/2024/girl/	akachan
2024	F	11	琴葉	ことは	2位		https://www.akachan.jp/maternity/ranking/2024/girl/	akachan
2024	F	11	美月	みつき	ー		https://www.akachan.jp/maternity/ranking/2024/girl/	akachan
2024	F	11	莉子	りこ	72位		https://www.akachan.jp/maternity/ranking/2024/girl/	akachan
2024	F	14	心陽	みはる	ー		https://www.akachan.jp/maternity/ranking/2024/girl/	akachan
2024	F	14	紬葵	つむぎ	ー		https://www.akachan.jp/maternity/ranking/2024/girl/	akachan
2024	F	16	結菜	ゆうな	11位		https://www.akachan.jp/maternity/ranking/2024/girl/	akachan
2024	F	16	紬希	つむぎ	51位		https://www.akachan.jp/maternity/ranking/2024/girl/	akachan
2024	F	16	凪	なぎ	2位		https://www.akachan.jp/maternity/ranking/2024/girl/	akachan
2024	F	16	柚葉	ゆずは	72位		https://www.akachan.jp/maternity/ranking/2024/girl/	akachan
2024	F	16	澪	みお	13位		https://www.akachan.jp/maternity/ranking/2024/girl/	akachan
2024	F	16	茉莉	まつり	ー		https://www.akachan.jp/maternity/ranking/2024/girl/	akachan
2024	F	22	依茉	えま	ー		https://www.akachan.jp/maternity/ranking/2024/girl/	akachan
2024	F	22	芽依	めい	33位		https://www.akachan.jp/maternity/ranking/2024/girl/	akachan
2024	F	22	結愛	ゆあ	2位		https://www.akachan.jp/maternity/ranking/2024/girl/	akachan
2024	F	22	結月	ゆづき	12位		https://www.akachan.jp/maternity/ranking/2024/girl/	akachan
2024	F	22	咲良	さくら	51位		https://www.akachan.jp/maternity/ranking/2024/girl/	akachan
2024	F	22	咲茉	えま	28位		https://www.akachan.jp/maternity/ranking/2024/girl/	akachan
2024	F	22	心晴	こはる	2位		https://www.akachan.jp/maternity/ranking/2024/girl/	akachan
2024	F	22	凪紗	なぎさ	ー		https://www.akachan.jp/maternity/ranking/2024/girl/	akachan
2024	F	30	杏	あん	51位		https://www.akachan.jp/maternity/ranking/2024/girl/	akachan
2025	M	1	湊	みなと	1位		https://www.akachan.jp/maternity/ranking/boy	akachan
2025	M	2	碧	あお	8位		https://www.akachan.jp/maternity/ranking/boy	akachan
2025	M	3	結翔	ゆいと	19位		https://www.akachan.jp/maternity/ranking/boy	akachan
2025	M	4	伊織	いおり	5位		https://www.akachan.jp/maternity/ranking/boy	akachan
2025	M	4	陽翔	はると	3位		https://www.akachan.jp/maternity/ranking/boy	akachan
2025	M	6	湊斗	みなと	11位		https://www.akachan.jp/maternity/ranking/boy	akachan
2025	M	6	陽向	ひなた	11位		https://www.akachan.jp/maternity/ranking/boy	akachan
2025	M	6	律	りつ	19位		https://www.akachan.jp/maternity/ranking/boy	akachan
2025	M	9	朝陽	あさひ	8位		https://www.akachan.jp/maternity/ranking/boy	akachan
2025	M	10	凪	なぎ	5位		https://www.akachan.jp/maternity/ranking/boy	akachan
2025	F	1	翠	すい	4位		https://www.akachan.jp/maternity/ranking/girl	akachan
2025	F	2	琴葉	ことは	11位		https://www.akachan.jp/maternity/ranking/girl	akachan
2025	F	3	葵	あおい	9位		https://www.akachan.jp/maternity/ranking/girl	akachan
2025	F	3	茉白	ましろ	31位		https://www.akachan.jp/maternity/ranking/girl	akachan
2025	F	5	彩葉	いろは	9位		https://www.akachan.jp/maternity/ranking/girl	akachan
2025	F	5	凛	りん	1位		https://www.akachan.jp/maternity/ranking/girl	akachan
2025	F	7	陽葵	ひまり	3位		https://www.akachan.jp/maternity/ranking/girl	akachan
2025	F	7	陽菜	ひな	4位		https://www.akachan.jp/maternity/ranking/girl	akachan
2025	F	9	結菜	ゆうな	16位		https://www.akachan.jp/maternity/ranking/girl	akachan
2025	F	10	陽菜乃	ひなの	64位		https://www.akachan.jp/maternity/ranking/girl	akachan
