page	seq	text	author	url	src
1	1	このテーマの体験談を投稿する 画数や姓名判断など……いろいろとアドバイスもありましたが、最終的には自分の感性で決めました！ もともと、女の子ならこれ、男の子ならこれ……と決めていて、夫も賛成してくれたのでわりとスムーズな名付けでした。クールな感じがよくて、どちらの性別でもはまりそうな名前にしたかったのもありますが、完全に自己満です。 ゆーり さん 女の子と判明したら、夫が暴走。この名前がいい！と提案してきたのはキラキラネーム。本人はそんなことない！と否定してましたが、某ゲームのキャラクターの名前……。娘の一生がかかっているので、これは何としても阻止せねば……！といくつも候補を上げましたがどれも却下。どうしたものかと頭を抱えているうちに出産。分娩台の上で痛みが引いているときにふと頭に降りてきた名前があり、その名前をつけました。うまく表現できませんが、パズルのピースがスッと何の引っ掛かりもなく嵌まるような感覚で、この名前しかない！と思えました。とても不思議な感覚でした！周りの説得もあり、私が提案した名前を命名することができました。漢字は悩みましたが、これまでの経緯を加味して決めました。少し難しい字ですが、あて字ではなくそのまま読めるものです。強くやさしいけれど、芯のある女性になってほしいという願いを込めました。母子健康手帳の一番後ろに写真を貼る欄があり、生後間もないときの写真の裏に名前の由来を書いて貼ってあります。 まいまい さん 私には、3つ子がいます。最後の健診時、いつ陣痛が来るのかもわからなかったので、入院しながら夫、母、父、と名前を決めました。最初に優先したのは、キラキラネームじゃないこと。将来、虐められないことなど考えていました。そうなると、名前選びが大変で、6冊の本から選びました。 一応、名前は決めましたが、3つ子のためとても大変でした。そして、無事3つ子を出産しました。私が考えていた名前の通りとてもかわいい女の子でした。しかし、夫から名前の1文字、統一しようと言うので、また最初から決め直しました。 はーちゃん さん 4人目妊娠中です。1人目は男の子。2人目は女の子。3人目も女の子。妊娠がわかったときから夫が3文字が良いと言ったので、3文字の名前にしました。女の子は私がつけたので、2文字にしました。そして、最後の文字は全員同じにしました。女の子→○お 男の子→○○き 4人目は男の子らしいので3文字！と夫が叫んでいました。 まおり さん 性別が女の子だとわかってからいくつか候補を考えていたのですが、その時点であまり実感がわかず、決め始めたのは臨月になってから。夫が考えた名前はどれも響きがかわいくてしっくり来ず、私の考えていた名前は画数で名字と合わず、声に出すと呼びにくい。あーでもない、こーでもないと考えて、「○○」という名前がピンと来ました。字の候補まで考え、あとは生まれてから！ということに。 いざ出産してみると急に実感がわき、再びあーでもないこーでもないと考え、周りの人の意見で字を足す足さない……などなど悩みました。 最終的には出産前にピンと来た「○○」に決定。周りに流され取って付けたりせず、直感を大事にしました。 それが正解だったのか、夫婦共々とても気に入っている名前です。 nima さん 私には4人の子どもがいます。みんな自然にちなんだ名前にしています！ 1人目は、大地にしっかり根をはり、まっすぐ天にのびてゆく樹木をイメージした名前。 2人目は、大空を自由に羽ばたく鳥をイメージした名前。 3人目は、穏やかな海をイメージした名前。 そして思いがけず妊娠した４人目は、すべてを明るく照らす太陽をイメージした名前。 正直なところ、1人目と3人目は性格の不一致であまり気が合わず、喧嘩が多いのですが、 名前が、樹木と海にちなんでいるから、相性悪かったかしら！？と……。 すべてをまとめる太陽（４人目）の存在に期待しています。 よねママ さん 妊娠がわかってからすぐに、夫が「絶対男の子だから○○にする。夢で舞い降りてきた」と漢字まで決めていました。しかし女の子と判明。女の子の名前は思い浮かばないようで、私が考えた候補をいくつか出しましたが、音の響きが嫌等とすべて却下されました。 妊娠8カ月ごろに、夫がまた夢で舞い降りてきたという●●。お互いが、子どもに対する願いが同じだったこともあり、その意味がある漢字を含めた●●に決めました。 かなめ さん 名前の候補はいっぱいあげるものの、ピンと来るものがなく、候補も決まらないまま出産。「顔を見てこれだ！と決まるよ」と言われていたので、見てみましたが決まらない……。自宅に戻り、1週間。苗字との兼ね合いや、キラキラネームにならないように……と考えつつ、お七日夜に決定！ 今では気に入っています！ 		https://baby-calendar.jp/knowledge/pregnancy/488	bc
1	2	画数や姓名判断など……いろいろとアドバイスもありましたが、最終的には自分の感性で決めました！ もともと、女の子ならこれ、男の子ならこれ……と決めていて、夫も賛成してくれたのでわりとスムーズな名付けでした。クールな感じがよくて、どちらの性別でもはまりそうな名前にしたかったのもありますが、完全に自己満です。 ゆーり さん		https://baby-calendar.jp/knowledge/pregnancy/488	bc
1	3	画数や姓名判断など……いろいろとアドバイスもありましたが、最終的には自分の感性で決めました！ もともと、女の子ならこれ、男の子ならこれ……と決めていて、夫も賛成してくれたのでわりとスムーズな名付けでした。クールな感じがよくて、どちらの性別でもはまりそうな名前にしたかったのもありますが、完全に自己満です。 ゆーり さん		https://baby-calendar.jp/knowledge/pregnancy/488	bc
1	4	女の子と判明したら、夫が暴走。この名前がいい！と提案してきたのはキラキラネーム。本人はそんなことない！と否定してましたが、某ゲームのキャラクターの名前……。娘の一生がかかっているので、これは何としても阻止せねば……！といくつも候補を上げましたがどれも却下。どうしたものかと頭を抱えているうちに出産。分娩台の上で痛みが引いているときにふと頭に降りてきた名前があり、その名前をつけました。うまく表現できませんが、パズルのピースがスッと何の引っ掛かりもなく嵌まるような感覚で、この名前しかない！と思えました。とても不思議な感覚でした！周りの説得もあり、私が提案した名前を命名することができました。漢字は悩みましたが、これまでの経緯を加味して決めました。少し難しい字ですが、あて字ではなくそのまま読めるものです。強くやさしいけれど、芯のある女性になってほしいという願いを込めました。母子健康手帳の一番後ろに写真を貼る欄があり、生後間もないときの写真の裏に名前の由来を書いて貼ってあります。 まいまい さん		https://baby-calendar.jp/knowledge/pregnancy/488	bc
1	5	女の子と判明したら、夫が暴走。この名前がいい！と提案してきたのはキラキラネーム。本人はそんなことない！と否定してましたが、某ゲームのキャラクターの名前……。娘の一生がかかっているので、これは何としても阻止せねば……！といくつも候補を上げましたがどれも却下。どうしたものかと頭を抱えているうちに出産。分娩台の上で痛みが引いているときにふと頭に降りてきた名前があり、その名前をつけました。うまく表現できませんが、パズルのピースがスッと何の引っ掛かりもなく嵌まるような感覚で、この名前しかない！と思えました。とても不思議な感覚でした！周りの説得もあり、私が提案した名前を命名することができました。漢字は悩みましたが、これまでの経緯を加味して決めました。少し難しい字ですが、あて字ではなくそのまま読めるものです。強くやさしいけれど、芯のある女性になってほしいという願いを込めました。母子健康手帳の一番後ろに写真を貼る欄があり、生後間もないときの写真の裏に名前の由来を書いて貼ってあります。 まいまい さん		https://baby-calendar.jp/knowledge/pregnancy/488	bc
1	6	私には、3つ子がいます。最後の健診時、いつ陣痛が来るのかもわからなかったので、入院しながら夫、母、父、と名前を決めました。最初に優先したのは、キラキラネームじゃないこと。将来、虐められないことなど考えていました。そうなると、名前選びが大変で、6冊の本から選びました。 一応、名前は決めましたが、3つ子のためとても大変でした。そして、無事3つ子を出産しました。私が考えていた名前の通りとてもかわいい女の子でした。しかし、夫から名前の1文字、統一しようと言うので、また最初から決め直しました。 はーちゃん さん		https://baby-calendar.jp/knowledge/pregnancy/488	bc
1	7	私には、3つ子がいます。最後の健診時、いつ陣痛が来るのかもわからなかったので、入院しながら夫、母、父、と名前を決めました。最初に優先したのは、キラキラネームじゃないこと。将来、虐められないことなど考えていました。そうなると、名前選びが大変で、6冊の本から選びました。 一応、名前は決めましたが、3つ子のためとても大変でした。そして、無事3つ子を出産しました。私が考えていた名前の通りとてもかわいい女の子でした。しかし、夫から名前の1文字、統一しようと言うので、また最初から決め直しました。 はーちゃん さん		https://baby-calendar.jp/knowledge/pregnancy/488	bc
1	8	4人目妊娠中です。1人目は男の子。2人目は女の子。3人目も女の子。妊娠がわかったときから夫が3文字が良いと言ったので、3文字の名前にしました。女の子は私がつけたので、2文字にしました。そして、最後の文字は全員同じにしました。女の子→○お 男の子→○○き 4人目は男の子らしいので3文字！と夫が叫んでいました。 まおり さん		https://baby-calendar.jp/knowledge/pregnancy/488	bc
1	9	4人目妊娠中です。1人目は男の子。2人目は女の子。3人目も女の子。妊娠がわかったときから夫が3文字が良いと言ったので、3文字の名前にしました。女の子は私がつけたので、2文字にしました。そして、最後の文字は全員同じにしました。女の子→○お 男の子→○○き 4人目は男の子らしいので3文字！と夫が叫んでいました。 まおり さん		https://baby-calendar.jp/knowledge/pregnancy/488	bc
1	10	性別が女の子だとわかってからいくつか候補を考えていたのですが、その時点であまり実感がわかず、決め始めたのは臨月になってから。夫が考えた名前はどれも響きがかわいくてしっくり来ず、私の考えていた名前は画数で名字と合わず、声に出すと呼びにくい。あーでもない、こーでもないと考えて、「○○」という名前がピンと来ました。字の候補まで考え、あとは生まれてから！ということに。 いざ出産してみると急に実感がわき、再びあーでもないこーでもないと考え、周りの人の意見で字を足す足さない……などなど悩みました。 最終的には出産前にピンと来た「○○」に決定。周りに流され取って付けたりせず、直感を大事にしました。 それが正解だったのか、夫婦共々とても気に入っている名前です。 nima さん		https://baby-calendar.jp/knowledge/pregnancy/488	bc
1	11	性別が女の子だとわかってからいくつか候補を考えていたのですが、その時点であまり実感がわかず、決め始めたのは臨月になってから。夫が考えた名前はどれも響きがかわいくてしっくり来ず、私の考えていた名前は画数で名字と合わず、声に出すと呼びにくい。あーでもない、こーでもないと考えて、「○○」という名前がピンと来ました。字の候補まで考え、あとは生まれてから！ということに。 いざ出産してみると急に実感がわき、再びあーでもないこーでもないと考え、周りの人の意見で字を足す足さない……などなど悩みました。 最終的には出産前にピンと来た「○○」に決定。周りに流され取って付けたりせず、直感を大事にしました。 それが正解だったのか、夫婦共々とても気に入っている名前です。 nima さん		https://baby-calendar.jp/knowledge/pregnancy/488	bc
1	12	私には4人の子どもがいます。みんな自然にちなんだ名前にしています！ 1人目は、大地にしっかり根をはり、まっすぐ天にのびてゆく樹木をイメージした名前。 2人目は、大空を自由に羽ばたく鳥をイメージした名前。 3人目は、穏やかな海をイメージした名前。 そして思いがけず妊娠した４人目は、すべてを明るく照らす太陽をイメージした名前。 正直なところ、1人目と3人目は性格の不一致であまり気が合わず、喧嘩が多いのですが、 名前が、樹木と海にちなんでいるから、相性悪かったかしら！？と……。 すべてをまとめる太陽（４人目）の存在に期待しています。 よねママ さん		https://baby-calendar.jp/knowledge/pregnancy/488	bc
1	13	私には4人の子どもがいます。みんな自然にちなんだ名前にしています！ 1人目は、大地にしっかり根をはり、まっすぐ天にのびてゆく樹木をイメージした名前。 2人目は、大空を自由に羽ばたく鳥をイメージした名前。 3人目は、穏やかな海をイメージした名前。 そして思いがけず妊娠した４人目は、すべてを明るく照らす太陽をイメージした名前。 正直なところ、1人目と3人目は性格の不一致であまり気が合わず、喧嘩が多いのですが、 名前が、樹木と海にちなんでいるから、相性悪かったかしら！？と……。 すべてをまとめる太陽（４人目）の存在に期待しています。 よねママ さん		https://baby-calendar.jp/knowledge/pregnancy/488	bc
1	14	妊娠がわかってからすぐに、夫が「絶対男の子だから○○にする。夢で舞い降りてきた」と漢字まで決めていました。しかし女の子と判明。女の子の名前は思い浮かばないようで、私が考えた候補をいくつか出しましたが、音の響きが嫌等とすべて却下されました。 妊娠8カ月ごろに、夫がまた夢で舞い降りてきたという●●。お互いが、子どもに対する願いが同じだったこともあり、その意味がある漢字を含めた●●に決めました。 かなめ さん		https://baby-calendar.jp/knowledge/pregnancy/488	bc
1	15	妊娠がわかってからすぐに、夫が「絶対男の子だから○○にする。夢で舞い降りてきた」と漢字まで決めていました。しかし女の子と判明。女の子の名前は思い浮かばないようで、私が考えた候補をいくつか出しましたが、音の響きが嫌等とすべて却下されました。 妊娠8カ月ごろに、夫がまた夢で舞い降りてきたという●●。お互いが、子どもに対する願いが同じだったこともあり、その意味がある漢字を含めた●●に決めました。 かなめ さん		https://baby-calendar.jp/knowledge/pregnancy/488	bc
1	16	名前の候補はいっぱいあげるものの、ピンと来るものがなく、候補も決まらないまま出産。「顔を見てこれだ！と決まるよ」と言われていたので、見てみましたが決まらない……。自宅に戻り、1週間。苗字との兼ね合いや、キラキラネームにならないように……と考えつつ、お七日夜に決定！ 今では気に入っています！ 葵くんママ さん		https://baby-calendar.jp/knowledge/pregnancy/488	bc
1	17	名前の候補はいっぱいあげるものの、ピンと来るものがなく、候補も決まらないまま出産。「顔を見てこれだ！と決まるよ」と言われていたので、見てみましたが決まらない……。自宅に戻り、1週間。苗字との兼ね合いや、キラキラネームにならないように……と考えつつ、お七日夜に決定！ 今では気に入っています！ 葵くんママ さん		https://baby-calendar.jp/knowledge/pregnancy/488	bc
1	18	最近、2人目の赤ちゃんを産みました。健診で、妊娠9カ月に入る手前に「女の子で間違いない」と言われていたので、上の子が男の子な分、女の子らしいかわいい名前を5つほど考えて、あとは顔見て名付けようと思っていました。そしたら、生まれてビックリ！！ なんと男の子が出てきました。夫、私、助産師さんもビックリ！！ 慌てて、男の子の名前を考えました。2～3日赤ちゃんと過ごして、「やさしい目をしているなぁ～。力強くお乳を飲む。強い生命力を感じる」などの赤ちゃんのイメージを夫に伝え、それに合う漢字を探し、2人で名前会議。祖父母の意見も聞いたりして、1週間後に無事決定！ 女の子の名前は御蔵入りになりましたが、今ではこの名前が大好きです。こんなこともあるんだよ～って将来笑いながら話してあげよう。 みい さん		https://baby-calendar.jp/knowledge/pregnancy/488	bc
1	19	最近、2人目の赤ちゃんを産みました。健診で、妊娠9カ月に入る手前に「女の子で間違いない」と言われていたので、上の子が男の子な分、女の子らしいかわいい名前を5つほど考えて、あとは顔見て名付けようと思っていました。そしたら、生まれてビックリ！！ なんと男の子が出てきました。夫、私、助産師さんもビックリ！！ 慌てて、男の子の名前を考えました。2～3日赤ちゃんと過ごして、「やさしい目をしているなぁ～。力強くお乳を飲む。強い生命力を感じる」などの赤ちゃんのイメージを夫に伝え、それに合う漢字を探し、2人で名前会議。祖父母の意見も聞いたりして、1週間後に無事決定！ 女の子の名前は御蔵入りになりましたが、今ではこの名前が大好きです。こんなこともあるんだよ～って将来笑いながら話してあげよう。 みい さん		https://baby-calendar.jp/knowledge/pregnancy/488	bc
1	20	次女なのですが、女の子とわかってから話し合いを始め、候補の中から長女に選んでもらいました。漢字はいろいろ考えたあげく「結局ひらがながかわいいんじゃない？」となり、ひらがなにしました。一応意味的には漢字に当てはめました。まったく違う雰囲気の名前ですが、長女が「咲」で、次女が「葉」というイメージでつけました。もし次生まれたら多分「花」かなー。 ゆう さん		https://baby-calendar.jp/knowledge/pregnancy/488	bc
1	21	次女なのですが、女の子とわかってから話し合いを始め、候補の中から長女に選んでもらいました。漢字はいろいろ考えたあげく「結局ひらがながかわいいんじゃない？」となり、ひらがなにしました。一応意味的には漢字に当てはめました。まったく違う雰囲気の名前ですが、長女が「咲」で、次女が「葉」というイメージでつけました。もし次生まれたら多分「花」かなー。 ゆう さん		https://baby-calendar.jp/knowledge/pregnancy/488	bc
1	22	妊娠9カ月くらのときに決めました。うちは決まった響きか、決まった漢字の1字を入れるようになっていたので、決まった響きを入れることにしました。悠の上の部分にきれいな所という意味があるらしく、これに響きをもった漢字を合わせ、きれいな心を持ち、清く正しく、これからもお家を絶やさずに……と思い、名付けました。響きの漢字にもしっかり意味を持たせました。画数もやっぱり気にしましたね。 星乃 さん		https://baby-calendar.jp/knowledge/pregnancy/488	bc
1	23	妊娠9カ月くらのときに決めました。うちは決まった響きか、決まった漢字の1字を入れるようになっていたので、決まった響きを入れることにしました。悠の上の部分にきれいな所という意味があるらしく、これに響きをもった漢字を合わせ、きれいな心を持ち、清く正しく、これからもお家を絶やさずに……と思い、名付けました。響きの漢字にもしっかり意味を持たせました。画数もやっぱり気にしましたね。 星乃 さん		https://baby-calendar.jp/knowledge/pregnancy/488	bc
1	24	昔から子どもができにくい体だと言われ、妊娠とかあきらめていました。ある日のことです。急に気分が悪くなり、産婦人科に行ってみると、妊娠していると言われました。家に帰って夫に話すと、めっちゃ泣きながら喜んでくれました。子どもの名前を夫に決めってもらったら、【絆】と言われました。理由を聞いたら、「めっちゃ愛し愛される子になってほしい」と言われました。2月14日、女の子を産みました。今ではわが家のアイドルです～♪ ちびママ さん		https://baby-calendar.jp/knowledge/pregnancy/488	bc
1	25	昔から子どもができにくい体だと言われ、妊娠とかあきらめていました。ある日のことです。急に気分が悪くなり、産婦人科に行ってみると、妊娠していると言われました。家に帰って夫に話すと、めっちゃ泣きながら喜んでくれました。子どもの名前を夫に決めってもらったら、【絆】と言われました。理由を聞いたら、「めっちゃ愛し愛される子になってほしい」と言われました。2月14日、女の子を産みました。今ではわが家のアイドルです～♪ ちびママ さん		https://baby-calendar.jp/knowledge/pregnancy/488	bc
1	26	臨月に入ってから本格的に考え始めました。字画は子どもの一生を左右すると考えていたので、苗字にあう画数を調べ、名前を考えました。名づけの本やパソコンなどを利用して、つけたい画数の漢字をノートに羅列して、読み方や漢字の意味合いや苗字とのバランスも考えました。長男・次男ともこの方法で名づけました。名前の意味合いのとおりに育っています。 なちゅらる さん		https://baby-calendar.jp/knowledge/pregnancy/488	bc
1	27	臨月に入ってから本格的に考え始めました。字画は子どもの一生を左右すると考えていたので、苗字にあう画数を調べ、名前を考えました。名づけの本やパソコンなどを利用して、つけたい画数の漢字をノートに羅列して、読み方や漢字の意味合いや苗字とのバランスも考えました。長男・次男ともこの方法で名づけました。名前の意味合いのとおりに育っています。 なちゅらる さん		https://baby-calendar.jp/knowledge/pregnancy/488	bc
1	28	自分の名字に合う名前をデータで出してもらうサービス冊子の中から決めました。どれを選んでも画数など悪くないということで、とても選びやすかったし、一般的な名づけの本を買うことを思ったら、使いやすくてよかったと思います。 あっちママ さん		https://baby-calendar.jp/knowledge/pregnancy/488	bc
1	29	自分の名字に合う名前をデータで出してもらうサービス冊子の中から決めました。どれを選んでも画数など悪くないということで、とても選びやすかったし、一般的な名づけの本を買うことを思ったら、使いやすくてよかったと思います。 あっちママ さん		https://baby-calendar.jp/knowledge/pregnancy/488	bc
1	30	健診で性別が判ってから、夫が時々思い出したようにネットや本で調べて考えていました。はじめは潤とか翼とかがいいと言っていたけど画数が良くなくて、最終的には夫ではなく夫の父の名前から1文字もらって、画数がいい名前に決めました。生まれたときに顔を見て「違うな」と思ったら別の名前を考えるつもりでしたが、生まれたときに立ち会った夫と「いいよね」と言い合い、前もって考えていた名前に決めました。 きょん×2 さん		https://baby-calendar.jp/knowledge/pregnancy/488	bc
1	31	健診で性別が判ってから、夫が時々思い出したようにネットや本で調べて考えていました。はじめは潤とか翼とかがいいと言っていたけど画数が良くなくて、最終的には夫ではなく夫の父の名前から1文字もらって、画数がいい名前に決めました。生まれたときに顔を見て「違うな」と思ったら別の名前を考えるつもりでしたが、生まれたときに立ち会った夫と「いいよね」と言い合い、前もって考えていた名前に決めました。 きょん×2 さん		https://baby-calendar.jp/knowledge/pregnancy/488	bc
1	32	出産前から性別はわかっていたにも関わらず、結局市役所に届け出たのは出生14日目。ギリギリまで悩みました。男の子は基本的に名字が変わらないので、字画など何回も調べました。 ゆうこ さん		https://baby-calendar.jp/knowledge/pregnancy/488	bc
1	33	出産前から性別はわかっていたにも関わらず、結局市役所に届け出たのは出生14日目。ギリギリまで悩みました。男の子は基本的に名字が変わらないので、字画など何回も調べました。 ゆうこ さん		https://baby-calendar.jp/knowledge/pregnancy/488	bc
1	34	名前は産む前に決めていました。男の子でも女の子でも大丈夫なように両方考えて過ごしていました。おなかにいるときから名前を呼んでいました。胎動が返ってくるとすごくうれしかったです。おなかにいるときから名前を呼んであげるのはすごくいいように思います。産んだあとに名前のことで考えることがなかったので、すぐにお世話に専念できたように思います。 そばかす さん		https://baby-calendar.jp/knowledge/pregnancy/488	bc
1	35	名前は産む前に決めていました。男の子でも女の子でも大丈夫なように両方考えて過ごしていました。おなかにいるときから名前を呼んでいました。胎動が返ってくるとすごくうれしかったです。おなかにいるときから名前を呼んであげるのはすごくいいように思います。産んだあとに名前のことで考えることがなかったので、すぐにお世話に専念できたように思います。 そばかす さん		https://baby-calendar.jp/knowledge/pregnancy/488	bc
1	36	妊娠7カ月ごろには決めました。最初は男の子と女の子両方の名前を考えていて、そのころから女の子の名前しか思いつかなかったんですけど……。健診で間違いなく女の子だろうと言われてからは、安心して女の子の名前を考えました。たくさん候補を出したのに、パパがある日なんとなく思いついた名前の響きが良くて、苗字とも合ったので、その名前にしました。 ららぽーと大好き さん		https://baby-calendar.jp/knowledge/pregnancy/488	bc
1	37	妊娠7カ月ごろには決めました。最初は男の子と女の子両方の名前を考えていて、そのころから女の子の名前しか思いつかなかったんですけど……。健診で間違いなく女の子だろうと言われてからは、安心して女の子の名前を考えました。たくさん候補を出したのに、パパがある日なんとなく思いついた名前の響きが良くて、苗字とも合ったので、その名前にしました。 ららぽーと大好き さん		https://baby-calendar.jp/knowledge/pregnancy/488	bc
2	38	このテーマの体験談を投稿する 画数や姓名判断など……いろいろとアドバイスもありましたが、最終的には自分の感性で決めました！ もともと、女の子ならこれ、男の子ならこれ……と決めていて、夫も賛成してくれたのでわりとスムーズな名付けでした。クールな感じがよくて、どちらの性別でもはまりそうな名前にしたかったのもありますが、完全に自己満です。 ゆーり さん 女の子と判明したら、夫が暴走。この名前がいい！と提案してきたのはキラキラネーム。本人はそんなことない！と否定してましたが、某ゲームのキャラクターの名前……。娘の一生がかかっているので、これは何としても阻止せねば……！といくつも候補を上げましたがどれも却下。どうしたものかと頭を抱えているうちに出産。分娩台の上で痛みが引いているときにふと頭に降りてきた名前があり、その名前をつけました。うまく表現できませんが、パズルのピースがスッと何の引っ掛かりもなく嵌まるような感覚で、この名前しかない！と思えました。とても不思議な感覚でした！周りの説得もあり、私が提案した名前を命名することができました。漢字は悩みましたが、これまでの経緯を加味して決めました。少し難しい字ですが、あて字ではなくそのまま読めるものです。強くやさしいけれど、芯のある女性になってほしいという願いを込めました。母子健康手帳の一番後ろに写真を貼る欄があり、生後間もないときの写真の裏に名前の由来を書いて貼ってあります。 まいまい さん 私には、3つ子がいます。最後の健診時、いつ陣痛が来るのかもわからなかったので、入院しながら夫、母、父、と名前を決めました。最初に優先したのは、キラキラネームじゃないこと。将来、虐められないことなど考えていました。そうなると、名前選びが大変で、6冊の本から選びました。 一応、名前は決めましたが、3つ子のためとても大変でした。そして、無事3つ子を出産しました。私が考えていた名前の通りとてもかわいい女の子でした。しかし、夫から名前の1文字、統一しようと言うので、また最初から決め直しました。 はーちゃん さん 4人目妊娠中です。1人目は男の子。2人目は女の子。3人目も女の子。妊娠がわかったときから夫が3文字が良いと言ったので、3文字の名前にしました。女の子は私がつけたので、2文字にしました。そして、最後の文字は全員同じにしました。女の子→○お 男の子→○○き 4人目は男の子らしいので3文字！と夫が叫んでいました。 まおり さん 性別が女の子だとわかってからいくつか候補を考えていたのですが、その時点であまり実感がわかず、決め始めたのは臨月になってから。夫が考えた名前はどれも響きがかわいくてしっくり来ず、私の考えていた名前は画数で名字と合わず、声に出すと呼びにくい。あーでもない、こーでもないと考えて、「○○」という名前がピンと来ました。字の候補まで考え、あとは生まれてから！ということに。 いざ出産してみると急に実感がわき、再びあーでもないこーでもないと考え、周りの人の意見で字を足す足さない……などなど悩みました。 最終的には出産前にピンと来た「○○」に決定。周りに流され取って付けたりせず、直感を大事にしました。 それが正解だったのか、夫婦共々とても気に入っている名前です。 nima さん 私には4人の子どもがいます。みんな自然にちなんだ名前にしています！ 1人目は、大地にしっかり根をはり、まっすぐ天にのびてゆく樹木をイメージした名前。 2人目は、大空を自由に羽ばたく鳥をイメージした名前。 3人目は、穏やかな海をイメージした名前。 そして思いがけず妊娠した４人目は、すべてを明るく照らす太陽をイメージした名前。 正直なところ、1人目と3人目は性格の不一致であまり気が合わず、喧嘩が多いのですが、 名前が、樹木と海にちなんでいるから、相性悪かったかしら！？と……。 すべてをまとめる太陽（４人目）の存在に期待しています。 よねママ さん 妊娠がわかってからすぐに、夫が「絶対男の子だから○○にする。夢で舞い降りてきた」と漢字まで決めていました。しかし女の子と判明。女の子の名前は思い浮かばないようで、私が考えた候補をいくつか出しましたが、音の響きが嫌等とすべて却下されました。 妊娠8カ月ごろに、夫がまた夢で舞い降りてきたという●●。お互いが、子どもに対する願いが同じだったこともあり、その意味がある漢字を含めた●●に決めました。 かなめ さん 名前の候補はいっぱいあげるものの、ピンと来るものがなく、候補も決まらないまま出産。「顔を見てこれだ！と決まるよ」と言われていたので、見てみましたが決まらない……。自宅に戻り、1週間。苗字との兼ね合いや、キラキラネームにならないように……と考えつつ、お七日夜に決定！ 今では気に入っています！ 		https://baby-calendar.jp/knowledge/pregnancy/488?page=2	bc
2	39	画数や姓名判断など……いろいろとアドバイスもありましたが、最終的には自分の感性で決めました！ もともと、女の子ならこれ、男の子ならこれ……と決めていて、夫も賛成してくれたのでわりとスムーズな名付けでした。クールな感じがよくて、どちらの性別でもはまりそうな名前にしたかったのもありますが、完全に自己満です。 ゆーり さん		https://baby-calendar.jp/knowledge/pregnancy/488?page=2	bc
2	40	画数や姓名判断など……いろいろとアドバイスもありましたが、最終的には自分の感性で決めました！ もともと、女の子ならこれ、男の子ならこれ……と決めていて、夫も賛成してくれたのでわりとスムーズな名付けでした。クールな感じがよくて、どちらの性別でもはまりそうな名前にしたかったのもありますが、完全に自己満です。 ゆーり さん		https://baby-calendar.jp/knowledge/pregnancy/488?page=2	bc
2	41	女の子と判明したら、夫が暴走。この名前がいい！と提案してきたのはキラキラネーム。本人はそんなことない！と否定してましたが、某ゲームのキャラクターの名前……。娘の一生がかかっているので、これは何としても阻止せねば……！といくつも候補を上げましたがどれも却下。どうしたものかと頭を抱えているうちに出産。分娩台の上で痛みが引いているときにふと頭に降りてきた名前があり、その名前をつけました。うまく表現できませんが、パズルのピースがスッと何の引っ掛かりもなく嵌まるような感覚で、この名前しかない！と思えました。とても不思議な感覚でした！周りの説得もあり、私が提案した名前を命名することができました。漢字は悩みましたが、これまでの経緯を加味して決めました。少し難しい字ですが、あて字ではなくそのまま読めるものです。強くやさしいけれど、芯のある女性になってほしいという願いを込めました。母子健康手帳の一番後ろに写真を貼る欄があり、生後間もないときの写真の裏に名前の由来を書いて貼ってあります。 まいまい さん		https://baby-calendar.jp/knowledge/pregnancy/488?page=2	bc
2	42	女の子と判明したら、夫が暴走。この名前がいい！と提案してきたのはキラキラネーム。本人はそんなことない！と否定してましたが、某ゲームのキャラクターの名前……。娘の一生がかかっているので、これは何としても阻止せねば……！といくつも候補を上げましたがどれも却下。どうしたものかと頭を抱えているうちに出産。分娩台の上で痛みが引いているときにふと頭に降りてきた名前があり、その名前をつけました。うまく表現できませんが、パズルのピースがスッと何の引っ掛かりもなく嵌まるような感覚で、この名前しかない！と思えました。とても不思議な感覚でした！周りの説得もあり、私が提案した名前を命名することができました。漢字は悩みましたが、これまでの経緯を加味して決めました。少し難しい字ですが、あて字ではなくそのまま読めるものです。強くやさしいけれど、芯のある女性になってほしいという願いを込めました。母子健康手帳の一番後ろに写真を貼る欄があり、生後間もないときの写真の裏に名前の由来を書いて貼ってあります。 まいまい さん		https://baby-calendar.jp/knowledge/pregnancy/488?page=2	bc
2	43	私には、3つ子がいます。最後の健診時、いつ陣痛が来るのかもわからなかったので、入院しながら夫、母、父、と名前を決めました。最初に優先したのは、キラキラネームじゃないこと。将来、虐められないことなど考えていました。そうなると、名前選びが大変で、6冊の本から選びました。 一応、名前は決めましたが、3つ子のためとても大変でした。そして、無事3つ子を出産しました。私が考えていた名前の通りとてもかわいい女の子でした。しかし、夫から名前の1文字、統一しようと言うので、また最初から決め直しました。 はーちゃん さん		https://baby-calendar.jp/knowledge/pregnancy/488?page=2	bc
2	44	私には、3つ子がいます。最後の健診時、いつ陣痛が来るのかもわからなかったので、入院しながら夫、母、父、と名前を決めました。最初に優先したのは、キラキラネームじゃないこと。将来、虐められないことなど考えていました。そうなると、名前選びが大変で、6冊の本から選びました。 一応、名前は決めましたが、3つ子のためとても大変でした。そして、無事3つ子を出産しました。私が考えていた名前の通りとてもかわいい女の子でした。しかし、夫から名前の1文字、統一しようと言うので、また最初から決め直しました。 はーちゃん さん		https://baby-calendar.jp/knowledge/pregnancy/488?page=2	bc
2	45	4人目妊娠中です。1人目は男の子。2人目は女の子。3人目も女の子。妊娠がわかったときから夫が3文字が良いと言ったので、3文字の名前にしました。女の子は私がつけたので、2文字にしました。そして、最後の文字は全員同じにしました。女の子→○お 男の子→○○き 4人目は男の子らしいので3文字！と夫が叫んでいました。 まおり さん		https://baby-calendar.jp/knowledge/pregnancy/488?page=2	bc
2	46	4人目妊娠中です。1人目は男の子。2人目は女の子。3人目も女の子。妊娠がわかったときから夫が3文字が良いと言ったので、3文字の名前にしました。女の子は私がつけたので、2文字にしました。そして、最後の文字は全員同じにしました。女の子→○お 男の子→○○き 4人目は男の子らしいので3文字！と夫が叫んでいました。 まおり さん		https://baby-calendar.jp/knowledge/pregnancy/488?page=2	bc
2	47	性別が女の子だとわかってからいくつか候補を考えていたのですが、その時点であまり実感がわかず、決め始めたのは臨月になってから。夫が考えた名前はどれも響きがかわいくてしっくり来ず、私の考えていた名前は画数で名字と合わず、声に出すと呼びにくい。あーでもない、こーでもないと考えて、「○○」という名前がピンと来ました。字の候補まで考え、あとは生まれてから！ということに。 いざ出産してみると急に実感がわき、再びあーでもないこーでもないと考え、周りの人の意見で字を足す足さない……などなど悩みました。 最終的には出産前にピンと来た「○○」に決定。周りに流され取って付けたりせず、直感を大事にしました。 それが正解だったのか、夫婦共々とても気に入っている名前です。 nima さん		https://baby-calendar.jp/knowledge/pregnancy/488?page=2	bc
2	48	性別が女の子だとわかってからいくつか候補を考えていたのですが、その時点であまり実感がわかず、決め始めたのは臨月になってから。夫が考えた名前はどれも響きがかわいくてしっくり来ず、私の考えていた名前は画数で名字と合わず、声に出すと呼びにくい。あーでもない、こーでもないと考えて、「○○」という名前がピンと来ました。字の候補まで考え、あとは生まれてから！ということに。 いざ出産してみると急に実感がわき、再びあーでもないこーでもないと考え、周りの人の意見で字を足す足さない……などなど悩みました。 最終的には出産前にピンと来た「○○」に決定。周りに流され取って付けたりせず、直感を大事にしました。 それが正解だったのか、夫婦共々とても気に入っている名前です。 nima さん		https://baby-calendar.jp/knowledge/pregnancy/488?page=2	bc
2	49	私には4人の子どもがいます。みんな自然にちなんだ名前にしています！ 1人目は、大地にしっかり根をはり、まっすぐ天にのびてゆく樹木をイメージした名前。 2人目は、大空を自由に羽ばたく鳥をイメージした名前。 3人目は、穏やかな海をイメージした名前。 そして思いがけず妊娠した４人目は、すべてを明るく照らす太陽をイメージした名前。 正直なところ、1人目と3人目は性格の不一致であまり気が合わず、喧嘩が多いのですが、 名前が、樹木と海にちなんでいるから、相性悪かったかしら！？と……。 すべてをまとめる太陽（４人目）の存在に期待しています。 よねママ さん		https://baby-calendar.jp/knowledge/pregnancy/488?page=2	bc
2	50	私には4人の子どもがいます。みんな自然にちなんだ名前にしています！ 1人目は、大地にしっかり根をはり、まっすぐ天にのびてゆく樹木をイメージした名前。 2人目は、大空を自由に羽ばたく鳥をイメージした名前。 3人目は、穏やかな海をイメージした名前。 そして思いがけず妊娠した４人目は、すべてを明るく照らす太陽をイメージした名前。 正直なところ、1人目と3人目は性格の不一致であまり気が合わず、喧嘩が多いのですが、 名前が、樹木と海にちなんでいるから、相性悪かったかしら！？と……。 すべてをまとめる太陽（４人目）の存在に期待しています。 よねママ さん		https://baby-calendar.jp/knowledge/pregnancy/488?page=2	bc
2	51	妊娠がわかってからすぐに、夫が「絶対男の子だから○○にする。夢で舞い降りてきた」と漢字まで決めていました。しかし女の子と判明。女の子の名前は思い浮かばないようで、私が考えた候補をいくつか出しましたが、音の響きが嫌等とすべて却下されました。 妊娠8カ月ごろに、夫がまた夢で舞い降りてきたという●●。お互いが、子どもに対する願いが同じだったこともあり、その意味がある漢字を含めた●●に決めました。 かなめ さん		https://baby-calendar.jp/knowledge/pregnancy/488?page=2	bc
2	52	妊娠がわかってからすぐに、夫が「絶対男の子だから○○にする。夢で舞い降りてきた」と漢字まで決めていました。しかし女の子と判明。女の子の名前は思い浮かばないようで、私が考えた候補をいくつか出しましたが、音の響きが嫌等とすべて却下されました。 妊娠8カ月ごろに、夫がまた夢で舞い降りてきたという●●。お互いが、子どもに対する願いが同じだったこともあり、その意味がある漢字を含めた●●に決めました。 かなめ さん		https://baby-calendar.jp/knowledge/pregnancy/488?page=2	bc
2	53	名前の候補はいっぱいあげるものの、ピンと来るものがなく、候補も決まらないまま出産。「顔を見てこれだ！と決まるよ」と言われていたので、見てみましたが決まらない……。自宅に戻り、1週間。苗字との兼ね合いや、キラキラネームにならないように……と考えつつ、お七日夜に決定！ 今では気に入っています！ 葵くんママ さん		https://baby-calendar.jp/knowledge/pregnancy/488?page=2	bc
2	54	名前の候補はいっぱいあげるものの、ピンと来るものがなく、候補も決まらないまま出産。「顔を見てこれだ！と決まるよ」と言われていたので、見てみましたが決まらない……。自宅に戻り、1週間。苗字との兼ね合いや、キラキラネームにならないように……と考えつつ、お七日夜に決定！ 今では気に入っています！ 葵くんママ さん		https://baby-calendar.jp/knowledge/pregnancy/488?page=2	bc
2	55	最近、2人目の赤ちゃんを産みました。健診で、妊娠9カ月に入る手前に「女の子で間違いない」と言われていたので、上の子が男の子な分、女の子らしいかわいい名前を5つほど考えて、あとは顔見て名付けようと思っていました。そしたら、生まれてビックリ！！ なんと男の子が出てきました。夫、私、助産師さんもビックリ！！ 慌てて、男の子の名前を考えました。2～3日赤ちゃんと過ごして、「やさしい目をしているなぁ～。力強くお乳を飲む。強い生命力を感じる」などの赤ちゃんのイメージを夫に伝え、それに合う漢字を探し、2人で名前会議。祖父母の意見も聞いたりして、1週間後に無事決定！ 女の子の名前は御蔵入りになりましたが、今ではこの名前が大好きです。こんなこともあるんだよ～って将来笑いながら話してあげよう。 みい さん		https://baby-calendar.jp/knowledge/pregnancy/488?page=2	bc
2	56	最近、2人目の赤ちゃんを産みました。健診で、妊娠9カ月に入る手前に「女の子で間違いない」と言われていたので、上の子が男の子な分、女の子らしいかわいい名前を5つほど考えて、あとは顔見て名付けようと思っていました。そしたら、生まれてビックリ！！ なんと男の子が出てきました。夫、私、助産師さんもビックリ！！ 慌てて、男の子の名前を考えました。2～3日赤ちゃんと過ごして、「やさしい目をしているなぁ～。力強くお乳を飲む。強い生命力を感じる」などの赤ちゃんのイメージを夫に伝え、それに合う漢字を探し、2人で名前会議。祖父母の意見も聞いたりして、1週間後に無事決定！ 女の子の名前は御蔵入りになりましたが、今ではこの名前が大好きです。こんなこともあるんだよ～って将来笑いながら話してあげよう。 みい さん		https://baby-calendar.jp/knowledge/pregnancy/488?page=2	bc
2	57	次女なのですが、女の子とわかってから話し合いを始め、候補の中から長女に選んでもらいました。漢字はいろいろ考えたあげく「結局ひらがながかわいいんじゃない？」となり、ひらがなにしました。一応意味的には漢字に当てはめました。まったく違う雰囲気の名前ですが、長女が「咲」で、次女が「葉」というイメージでつけました。もし次生まれたら多分「花」かなー。 ゆう さん		https://baby-calendar.jp/knowledge/pregnancy/488?page=2	bc
2	58	次女なのですが、女の子とわかってから話し合いを始め、候補の中から長女に選んでもらいました。漢字はいろいろ考えたあげく「結局ひらがながかわいいんじゃない？」となり、ひらがなにしました。一応意味的には漢字に当てはめました。まったく違う雰囲気の名前ですが、長女が「咲」で、次女が「葉」というイメージでつけました。もし次生まれたら多分「花」かなー。 ゆう さん		https://baby-calendar.jp/knowledge/pregnancy/488?page=2	bc
2	59	妊娠9カ月くらのときに決めました。うちは決まった響きか、決まった漢字の1字を入れるようになっていたので、決まった響きを入れることにしました。悠の上の部分にきれいな所という意味があるらしく、これに響きをもった漢字を合わせ、きれいな心を持ち、清く正しく、これからもお家を絶やさずに……と思い、名付けました。響きの漢字にもしっかり意味を持たせました。画数もやっぱり気にしましたね。 星乃 さん		https://baby-calendar.jp/knowledge/pregnancy/488?page=2	bc
2	60	妊娠9カ月くらのときに決めました。うちは決まった響きか、決まった漢字の1字を入れるようになっていたので、決まった響きを入れることにしました。悠の上の部分にきれいな所という意味があるらしく、これに響きをもった漢字を合わせ、きれいな心を持ち、清く正しく、これからもお家を絶やさずに……と思い、名付けました。響きの漢字にもしっかり意味を持たせました。画数もやっぱり気にしましたね。 星乃 さん		https://baby-calendar.jp/knowledge/pregnancy/488?page=2	bc
2	61	昔から子どもができにくい体だと言われ、妊娠とかあきらめていました。ある日のことです。急に気分が悪くなり、産婦人科に行ってみると、妊娠していると言われました。家に帰って夫に話すと、めっちゃ泣きながら喜んでくれました。子どもの名前を夫に決めってもらったら、【絆】と言われました。理由を聞いたら、「めっちゃ愛し愛される子になってほしい」と言われました。2月14日、女の子を産みました。今ではわが家のアイドルです～♪ ちびママ さん		https://baby-calendar.jp/knowledge/pregnancy/488?page=2	bc
2	62	昔から子どもができにくい体だと言われ、妊娠とかあきらめていました。ある日のことです。急に気分が悪くなり、産婦人科に行ってみると、妊娠していると言われました。家に帰って夫に話すと、めっちゃ泣きながら喜んでくれました。子どもの名前を夫に決めってもらったら、【絆】と言われました。理由を聞いたら、「めっちゃ愛し愛される子になってほしい」と言われました。2月14日、女の子を産みました。今ではわが家のアイドルです～♪ ちびママ さん		https://baby-calendar.jp/knowledge/pregnancy/488?page=2	bc
2	63	臨月に入ってから本格的に考え始めました。字画は子どもの一生を左右すると考えていたので、苗字にあう画数を調べ、名前を考えました。名づけの本やパソコンなどを利用して、つけたい画数の漢字をノートに羅列して、読み方や漢字の意味合いや苗字とのバランスも考えました。長男・次男ともこの方法で名づけました。名前の意味合いのとおりに育っています。 なちゅらる さん		https://baby-calendar.jp/knowledge/pregnancy/488?page=2	bc
2	64	臨月に入ってから本格的に考え始めました。字画は子どもの一生を左右すると考えていたので、苗字にあう画数を調べ、名前を考えました。名づけの本やパソコンなどを利用して、つけたい画数の漢字をノートに羅列して、読み方や漢字の意味合いや苗字とのバランスも考えました。長男・次男ともこの方法で名づけました。名前の意味合いのとおりに育っています。 なちゅらる さん		https://baby-calendar.jp/knowledge/pregnancy/488?page=2	bc
2	65	自分の名字に合う名前をデータで出してもらうサービス冊子の中から決めました。どれを選んでも画数など悪くないということで、とても選びやすかったし、一般的な名づけの本を買うことを思ったら、使いやすくてよかったと思います。 あっちママ さん		https://baby-calendar.jp/knowledge/pregnancy/488?page=2	bc
2	66	自分の名字に合う名前をデータで出してもらうサービス冊子の中から決めました。どれを選んでも画数など悪くないということで、とても選びやすかったし、一般的な名づけの本を買うことを思ったら、使いやすくてよかったと思います。 あっちママ さん		https://baby-calendar.jp/knowledge/pregnancy/488?page=2	bc
2	67	健診で性別が判ってから、夫が時々思い出したようにネットや本で調べて考えていました。はじめは潤とか翼とかがいいと言っていたけど画数が良くなくて、最終的には夫ではなく夫の父の名前から1文字もらって、画数がいい名前に決めました。生まれたときに顔を見て「違うな」と思ったら別の名前を考えるつもりでしたが、生まれたときに立ち会った夫と「いいよね」と言い合い、前もって考えていた名前に決めました。 きょん×2 さん		https://baby-calendar.jp/knowledge/pregnancy/488?page=2	bc
2	68	健診で性別が判ってから、夫が時々思い出したようにネットや本で調べて考えていました。はじめは潤とか翼とかがいいと言っていたけど画数が良くなくて、最終的には夫ではなく夫の父の名前から1文字もらって、画数がいい名前に決めました。生まれたときに顔を見て「違うな」と思ったら別の名前を考えるつもりでしたが、生まれたときに立ち会った夫と「いいよね」と言い合い、前もって考えていた名前に決めました。 きょん×2 さん		https://baby-calendar.jp/knowledge/pregnancy/488?page=2	bc
2	69	出産前から性別はわかっていたにも関わらず、結局市役所に届け出たのは出生14日目。ギリギリまで悩みました。男の子は基本的に名字が変わらないので、字画など何回も調べました。 ゆうこ さん		https://baby-calendar.jp/knowledge/pregnancy/488?page=2	bc
2	70	出産前から性別はわかっていたにも関わらず、結局市役所に届け出たのは出生14日目。ギリギリまで悩みました。男の子は基本的に名字が変わらないので、字画など何回も調べました。 ゆうこ さん		https://baby-calendar.jp/knowledge/pregnancy/488?page=2	bc
2	71	名前は産む前に決めていました。男の子でも女の子でも大丈夫なように両方考えて過ごしていました。おなかにいるときから名前を呼んでいました。胎動が返ってくるとすごくうれしかったです。おなかにいるときから名前を呼んであげるのはすごくいいように思います。産んだあとに名前のことで考えることがなかったので、すぐにお世話に専念できたように思います。 そばかす さん		https://baby-calendar.jp/knowledge/pregnancy/488?page=2	bc
2	72	名前は産む前に決めていました。男の子でも女の子でも大丈夫なように両方考えて過ごしていました。おなかにいるときから名前を呼んでいました。胎動が返ってくるとすごくうれしかったです。おなかにいるときから名前を呼んであげるのはすごくいいように思います。産んだあとに名前のことで考えることがなかったので、すぐにお世話に専念できたように思います。 そばかす さん		https://baby-calendar.jp/knowledge/pregnancy/488?page=2	bc
2	73	妊娠7カ月ごろには決めました。最初は男の子と女の子両方の名前を考えていて、そのころから女の子の名前しか思いつかなかったんですけど……。健診で間違いなく女の子だろうと言われてからは、安心して女の子の名前を考えました。たくさん候補を出したのに、パパがある日なんとなく思いついた名前の響きが良くて、苗字とも合ったので、その名前にしました。 ららぽーと大好き さん		https://baby-calendar.jp/knowledge/pregnancy/488?page=2	bc
2	74	妊娠7カ月ごろには決めました。最初は男の子と女の子両方の名前を考えていて、そのころから女の子の名前しか思いつかなかったんですけど……。健診で間違いなく女の子だろうと言われてからは、安心して女の子の名前を考えました。たくさん候補を出したのに、パパがある日なんとなく思いついた名前の響きが良くて、苗字とも合ったので、その名前にしました。 ららぽーと大好き さん		https://baby-calendar.jp/knowledge/pregnancy/488?page=2	bc
3	75	このテーマの体験談を投稿する 画数や姓名判断など……いろいろとアドバイスもありましたが、最終的には自分の感性で決めました！ もともと、女の子ならこれ、男の子ならこれ……と決めていて、夫も賛成してくれたのでわりとスムーズな名付けでした。クールな感じがよくて、どちらの性別でもはまりそうな名前にしたかったのもありますが、完全に自己満です。 ゆーり さん 女の子と判明したら、夫が暴走。この名前がいい！と提案してきたのはキラキラネーム。本人はそんなことない！と否定してましたが、某ゲームのキャラクターの名前……。娘の一生がかかっているので、これは何としても阻止せねば……！といくつも候補を上げましたがどれも却下。どうしたものかと頭を抱えているうちに出産。分娩台の上で痛みが引いているときにふと頭に降りてきた名前があり、その名前をつけました。うまく表現できませんが、パズルのピースがスッと何の引っ掛かりもなく嵌まるような感覚で、この名前しかない！と思えました。とても不思議な感覚でした！周りの説得もあり、私が提案した名前を命名することができました。漢字は悩みましたが、これまでの経緯を加味して決めました。少し難しい字ですが、あて字ではなくそのまま読めるものです。強くやさしいけれど、芯のある女性になってほしいという願いを込めました。母子健康手帳の一番後ろに写真を貼る欄があり、生後間もないときの写真の裏に名前の由来を書いて貼ってあります。 まいまい さん 私には、3つ子がいます。最後の健診時、いつ陣痛が来るのかもわからなかったので、入院しながら夫、母、父、と名前を決めました。最初に優先したのは、キラキラネームじゃないこと。将来、虐められないことなど考えていました。そうなると、名前選びが大変で、6冊の本から選びました。 一応、名前は決めましたが、3つ子のためとても大変でした。そして、無事3つ子を出産しました。私が考えていた名前の通りとてもかわいい女の子でした。しかし、夫から名前の1文字、統一しようと言うので、また最初から決め直しました。 はーちゃん さん 4人目妊娠中です。1人目は男の子。2人目は女の子。3人目も女の子。妊娠がわかったときから夫が3文字が良いと言ったので、3文字の名前にしました。女の子は私がつけたので、2文字にしました。そして、最後の文字は全員同じにしました。女の子→○お 男の子→○○き 4人目は男の子らしいので3文字！と夫が叫んでいました。 まおり さん 性別が女の子だとわかってからいくつか候補を考えていたのですが、その時点であまり実感がわかず、決め始めたのは臨月になってから。夫が考えた名前はどれも響きがかわいくてしっくり来ず、私の考えていた名前は画数で名字と合わず、声に出すと呼びにくい。あーでもない、こーでもないと考えて、「○○」という名前がピンと来ました。字の候補まで考え、あとは生まれてから！ということに。 いざ出産してみると急に実感がわき、再びあーでもないこーでもないと考え、周りの人の意見で字を足す足さない……などなど悩みました。 最終的には出産前にピンと来た「○○」に決定。周りに流され取って付けたりせず、直感を大事にしました。 それが正解だったのか、夫婦共々とても気に入っている名前です。 nima さん 私には4人の子どもがいます。みんな自然にちなんだ名前にしています！ 1人目は、大地にしっかり根をはり、まっすぐ天にのびてゆく樹木をイメージした名前。 2人目は、大空を自由に羽ばたく鳥をイメージした名前。 3人目は、穏やかな海をイメージした名前。 そして思いがけず妊娠した４人目は、すべてを明るく照らす太陽をイメージした名前。 正直なところ、1人目と3人目は性格の不一致であまり気が合わず、喧嘩が多いのですが、 名前が、樹木と海にちなんでいるから、相性悪かったかしら！？と……。 すべてをまとめる太陽（４人目）の存在に期待しています。 よねママ さん 妊娠がわかってからすぐに、夫が「絶対男の子だから○○にする。夢で舞い降りてきた」と漢字まで決めていました。しかし女の子と判明。女の子の名前は思い浮かばないようで、私が考えた候補をいくつか出しましたが、音の響きが嫌等とすべて却下されました。 妊娠8カ月ごろに、夫がまた夢で舞い降りてきたという●●。お互いが、子どもに対する願いが同じだったこともあり、その意味がある漢字を含めた●●に決めました。 かなめ さん 名前の候補はいっぱいあげるものの、ピンと来るものがなく、候補も決まらないまま出産。「顔を見てこれだ！と決まるよ」と言われていたので、見てみましたが決まらない……。自宅に戻り、1週間。苗字との兼ね合いや、キラキラネームにならないように……と考えつつ、お七日夜に決定！ 今では気に入っています！ 		https://baby-calendar.jp/knowledge/pregnancy/488?page=3	bc
3	76	画数や姓名判断など……いろいろとアドバイスもありましたが、最終的には自分の感性で決めました！ もともと、女の子ならこれ、男の子ならこれ……と決めていて、夫も賛成してくれたのでわりとスムーズな名付けでした。クールな感じがよくて、どちらの性別でもはまりそうな名前にしたかったのもありますが、完全に自己満です。 ゆーり さん		https://baby-calendar.jp/knowledge/pregnancy/488?page=3	bc
3	77	画数や姓名判断など……いろいろとアドバイスもありましたが、最終的には自分の感性で決めました！ もともと、女の子ならこれ、男の子ならこれ……と決めていて、夫も賛成してくれたのでわりとスムーズな名付けでした。クールな感じがよくて、どちらの性別でもはまりそうな名前にしたかったのもありますが、完全に自己満です。 ゆーり さん		https://baby-calendar.jp/knowledge/pregnancy/488?page=3	bc
3	78	女の子と判明したら、夫が暴走。この名前がいい！と提案してきたのはキラキラネーム。本人はそんなことない！と否定してましたが、某ゲームのキャラクターの名前……。娘の一生がかかっているので、これは何としても阻止せねば……！といくつも候補を上げましたがどれも却下。どうしたものかと頭を抱えているうちに出産。分娩台の上で痛みが引いているときにふと頭に降りてきた名前があり、その名前をつけました。うまく表現できませんが、パズルのピースがスッと何の引っ掛かりもなく嵌まるような感覚で、この名前しかない！と思えました。とても不思議な感覚でした！周りの説得もあり、私が提案した名前を命名することができました。漢字は悩みましたが、これまでの経緯を加味して決めました。少し難しい字ですが、あて字ではなくそのまま読めるものです。強くやさしいけれど、芯のある女性になってほしいという願いを込めました。母子健康手帳の一番後ろに写真を貼る欄があり、生後間もないときの写真の裏に名前の由来を書いて貼ってあります。 まいまい さん		https://baby-calendar.jp/knowledge/pregnancy/488?page=3	bc
3	79	女の子と判明したら、夫が暴走。この名前がいい！と提案してきたのはキラキラネーム。本人はそんなことない！と否定してましたが、某ゲームのキャラクターの名前……。娘の一生がかかっているので、これは何としても阻止せねば……！といくつも候補を上げましたがどれも却下。どうしたものかと頭を抱えているうちに出産。分娩台の上で痛みが引いているときにふと頭に降りてきた名前があり、その名前をつけました。うまく表現できませんが、パズルのピースがスッと何の引っ掛かりもなく嵌まるような感覚で、この名前しかない！と思えました。とても不思議な感覚でした！周りの説得もあり、私が提案した名前を命名することができました。漢字は悩みましたが、これまでの経緯を加味して決めました。少し難しい字ですが、あて字ではなくそのまま読めるものです。強くやさしいけれど、芯のある女性になってほしいという願いを込めました。母子健康手帳の一番後ろに写真を貼る欄があり、生後間もないときの写真の裏に名前の由来を書いて貼ってあります。 まいまい さん		https://baby-calendar.jp/knowledge/pregnancy/488?page=3	bc
3	80	私には、3つ子がいます。最後の健診時、いつ陣痛が来るのかもわからなかったので、入院しながら夫、母、父、と名前を決めました。最初に優先したのは、キラキラネームじゃないこと。将来、虐められないことなど考えていました。そうなると、名前選びが大変で、6冊の本から選びました。 一応、名前は決めましたが、3つ子のためとても大変でした。そして、無事3つ子を出産しました。私が考えていた名前の通りとてもかわいい女の子でした。しかし、夫から名前の1文字、統一しようと言うので、また最初から決め直しました。 はーちゃん さん		https://baby-calendar.jp/knowledge/pregnancy/488?page=3	bc
3	81	私には、3つ子がいます。最後の健診時、いつ陣痛が来るのかもわからなかったので、入院しながら夫、母、父、と名前を決めました。最初に優先したのは、キラキラネームじゃないこと。将来、虐められないことなど考えていました。そうなると、名前選びが大変で、6冊の本から選びました。 一応、名前は決めましたが、3つ子のためとても大変でした。そして、無事3つ子を出産しました。私が考えていた名前の通りとてもかわいい女の子でした。しかし、夫から名前の1文字、統一しようと言うので、また最初から決め直しました。 はーちゃん さん		https://baby-calendar.jp/knowledge/pregnancy/488?page=3	bc
3	82	4人目妊娠中です。1人目は男の子。2人目は女の子。3人目も女の子。妊娠がわかったときから夫が3文字が良いと言ったので、3文字の名前にしました。女の子は私がつけたので、2文字にしました。そして、最後の文字は全員同じにしました。女の子→○お 男の子→○○き 4人目は男の子らしいので3文字！と夫が叫んでいました。 まおり さん		https://baby-calendar.jp/knowledge/pregnancy/488?page=3	bc
3	83	4人目妊娠中です。1人目は男の子。2人目は女の子。3人目も女の子。妊娠がわかったときから夫が3文字が良いと言ったので、3文字の名前にしました。女の子は私がつけたので、2文字にしました。そして、最後の文字は全員同じにしました。女の子→○お 男の子→○○き 4人目は男の子らしいので3文字！と夫が叫んでいました。 まおり さん		https://baby-calendar.jp/knowledge/pregnancy/488?page=3	bc
3	84	性別が女の子だとわかってからいくつか候補を考えていたのですが、その時点であまり実感がわかず、決め始めたのは臨月になってから。夫が考えた名前はどれも響きがかわいくてしっくり来ず、私の考えていた名前は画数で名字と合わず、声に出すと呼びにくい。あーでもない、こーでもないと考えて、「○○」という名前がピンと来ました。字の候補まで考え、あとは生まれてから！ということに。 いざ出産してみると急に実感がわき、再びあーでもないこーでもないと考え、周りの人の意見で字を足す足さない……などなど悩みました。 最終的には出産前にピンと来た「○○」に決定。周りに流され取って付けたりせず、直感を大事にしました。 それが正解だったのか、夫婦共々とても気に入っている名前です。 nima さん		https://baby-calendar.jp/knowledge/pregnancy/488?page=3	bc
3	85	性別が女の子だとわかってからいくつか候補を考えていたのですが、その時点であまり実感がわかず、決め始めたのは臨月になってから。夫が考えた名前はどれも響きがかわいくてしっくり来ず、私の考えていた名前は画数で名字と合わず、声に出すと呼びにくい。あーでもない、こーでもないと考えて、「○○」という名前がピンと来ました。字の候補まで考え、あとは生まれてから！ということに。 いざ出産してみると急に実感がわき、再びあーでもないこーでもないと考え、周りの人の意見で字を足す足さない……などなど悩みました。 最終的には出産前にピンと来た「○○」に決定。周りに流され取って付けたりせず、直感を大事にしました。 それが正解だったのか、夫婦共々とても気に入っている名前です。 nima さん		https://baby-calendar.jp/knowledge/pregnancy/488?page=3	bc
3	86	私には4人の子どもがいます。みんな自然にちなんだ名前にしています！ 1人目は、大地にしっかり根をはり、まっすぐ天にのびてゆく樹木をイメージした名前。 2人目は、大空を自由に羽ばたく鳥をイメージした名前。 3人目は、穏やかな海をイメージした名前。 そして思いがけず妊娠した４人目は、すべてを明るく照らす太陽をイメージした名前。 正直なところ、1人目と3人目は性格の不一致であまり気が合わず、喧嘩が多いのですが、 名前が、樹木と海にちなんでいるから、相性悪かったかしら！？と……。 すべてをまとめる太陽（４人目）の存在に期待しています。 よねママ さん		https://baby-calendar.jp/knowledge/pregnancy/488?page=3	bc
3	87	私には4人の子どもがいます。みんな自然にちなんだ名前にしています！ 1人目は、大地にしっかり根をはり、まっすぐ天にのびてゆく樹木をイメージした名前。 2人目は、大空を自由に羽ばたく鳥をイメージした名前。 3人目は、穏やかな海をイメージした名前。 そして思いがけず妊娠した４人目は、すべてを明るく照らす太陽をイメージした名前。 正直なところ、1人目と3人目は性格の不一致であまり気が合わず、喧嘩が多いのですが、 名前が、樹木と海にちなんでいるから、相性悪かったかしら！？と……。 すべてをまとめる太陽（４人目）の存在に期待しています。 よねママ さん		https://baby-calendar.jp/knowledge/pregnancy/488?page=3	bc
3	88	妊娠がわかってからすぐに、夫が「絶対男の子だから○○にする。夢で舞い降りてきた」と漢字まで決めていました。しかし女の子と判明。女の子の名前は思い浮かばないようで、私が考えた候補をいくつか出しましたが、音の響きが嫌等とすべて却下されました。 妊娠8カ月ごろに、夫がまた夢で舞い降りてきたという●●。お互いが、子どもに対する願いが同じだったこともあり、その意味がある漢字を含めた●●に決めました。 かなめ さん		https://baby-calendar.jp/knowledge/pregnancy/488?page=3	bc
3	89	妊娠がわかってからすぐに、夫が「絶対男の子だから○○にする。夢で舞い降りてきた」と漢字まで決めていました。しかし女の子と判明。女の子の名前は思い浮かばないようで、私が考えた候補をいくつか出しましたが、音の響きが嫌等とすべて却下されました。 妊娠8カ月ごろに、夫がまた夢で舞い降りてきたという●●。お互いが、子どもに対する願いが同じだったこともあり、その意味がある漢字を含めた●●に決めました。 かなめ さん		https://baby-calendar.jp/knowledge/pregnancy/488?page=3	bc
3	90	名前の候補はいっぱいあげるものの、ピンと来るものがなく、候補も決まらないまま出産。「顔を見てこれだ！と決まるよ」と言われていたので、見てみましたが決まらない……。自宅に戻り、1週間。苗字との兼ね合いや、キラキラネームにならないように……と考えつつ、お七日夜に決定！ 今では気に入っています！ 葵くんママ さん		https://baby-calendar.jp/knowledge/pregnancy/488?page=3	bc
3	91	名前の候補はいっぱいあげるものの、ピンと来るものがなく、候補も決まらないまま出産。「顔を見てこれだ！と決まるよ」と言われていたので、見てみましたが決まらない……。自宅に戻り、1週間。苗字との兼ね合いや、キラキラネームにならないように……と考えつつ、お七日夜に決定！ 今では気に入っています！ 葵くんママ さん		https://baby-calendar.jp/knowledge/pregnancy/488?page=3	bc
3	92	最近、2人目の赤ちゃんを産みました。健診で、妊娠9カ月に入る手前に「女の子で間違いない」と言われていたので、上の子が男の子な分、女の子らしいかわいい名前を5つほど考えて、あとは顔見て名付けようと思っていました。そしたら、生まれてビックリ！！ なんと男の子が出てきました。夫、私、助産師さんもビックリ！！ 慌てて、男の子の名前を考えました。2～3日赤ちゃんと過ごして、「やさしい目をしているなぁ～。力強くお乳を飲む。強い生命力を感じる」などの赤ちゃんのイメージを夫に伝え、それに合う漢字を探し、2人で名前会議。祖父母の意見も聞いたりして、1週間後に無事決定！ 女の子の名前は御蔵入りになりましたが、今ではこの名前が大好きです。こんなこともあるんだよ～って将来笑いながら話してあげよう。 みい さん		https://baby-calendar.jp/knowledge/pregnancy/488?page=3	bc
3	93	最近、2人目の赤ちゃんを産みました。健診で、妊娠9カ月に入る手前に「女の子で間違いない」と言われていたので、上の子が男の子な分、女の子らしいかわいい名前を5つほど考えて、あとは顔見て名付けようと思っていました。そしたら、生まれてビックリ！！ なんと男の子が出てきました。夫、私、助産師さんもビックリ！！ 慌てて、男の子の名前を考えました。2～3日赤ちゃんと過ごして、「やさしい目をしているなぁ～。力強くお乳を飲む。強い生命力を感じる」などの赤ちゃんのイメージを夫に伝え、それに合う漢字を探し、2人で名前会議。祖父母の意見も聞いたりして、1週間後に無事決定！ 女の子の名前は御蔵入りになりましたが、今ではこの名前が大好きです。こんなこともあるんだよ～って将来笑いながら話してあげよう。 みい さん		https://baby-calendar.jp/knowledge/pregnancy/488?page=3	bc
3	94	次女なのですが、女の子とわかってから話し合いを始め、候補の中から長女に選んでもらいました。漢字はいろいろ考えたあげく「結局ひらがながかわいいんじゃない？」となり、ひらがなにしました。一応意味的には漢字に当てはめました。まったく違う雰囲気の名前ですが、長女が「咲」で、次女が「葉」というイメージでつけました。もし次生まれたら多分「花」かなー。 ゆう さん		https://baby-calendar.jp/knowledge/pregnancy/488?page=3	bc
3	95	次女なのですが、女の子とわかってから話し合いを始め、候補の中から長女に選んでもらいました。漢字はいろいろ考えたあげく「結局ひらがながかわいいんじゃない？」となり、ひらがなにしました。一応意味的には漢字に当てはめました。まったく違う雰囲気の名前ですが、長女が「咲」で、次女が「葉」というイメージでつけました。もし次生まれたら多分「花」かなー。 ゆう さん		https://baby-calendar.jp/knowledge/pregnancy/488?page=3	bc
3	96	妊娠9カ月くらのときに決めました。うちは決まった響きか、決まった漢字の1字を入れるようになっていたので、決まった響きを入れることにしました。悠の上の部分にきれいな所という意味があるらしく、これに響きをもった漢字を合わせ、きれいな心を持ち、清く正しく、これからもお家を絶やさずに……と思い、名付けました。響きの漢字にもしっかり意味を持たせました。画数もやっぱり気にしましたね。 星乃 さん		https://baby-calendar.jp/knowledge/pregnancy/488?page=3	bc
3	97	妊娠9カ月くらのときに決めました。うちは決まった響きか、決まった漢字の1字を入れるようになっていたので、決まった響きを入れることにしました。悠の上の部分にきれいな所という意味があるらしく、これに響きをもった漢字を合わせ、きれいな心を持ち、清く正しく、これからもお家を絶やさずに……と思い、名付けました。響きの漢字にもしっかり意味を持たせました。画数もやっぱり気にしましたね。 星乃 さん		https://baby-calendar.jp/knowledge/pregnancy/488?page=3	bc
3	98	昔から子どもができにくい体だと言われ、妊娠とかあきらめていました。ある日のことです。急に気分が悪くなり、産婦人科に行ってみると、妊娠していると言われました。家に帰って夫に話すと、めっちゃ泣きながら喜んでくれました。子どもの名前を夫に決めってもらったら、【絆】と言われました。理由を聞いたら、「めっちゃ愛し愛される子になってほしい」と言われました。2月14日、女の子を産みました。今ではわが家のアイドルです～♪ ちびママ さん		https://baby-calendar.jp/knowledge/pregnancy/488?page=3	bc
3	99	昔から子どもができにくい体だと言われ、妊娠とかあきらめていました。ある日のことです。急に気分が悪くなり、産婦人科に行ってみると、妊娠していると言われました。家に帰って夫に話すと、めっちゃ泣きながら喜んでくれました。子どもの名前を夫に決めってもらったら、【絆】と言われました。理由を聞いたら、「めっちゃ愛し愛される子になってほしい」と言われました。2月14日、女の子を産みました。今ではわが家のアイドルです～♪ ちびママ さん		https://baby-calendar.jp/knowledge/pregnancy/488?page=3	bc
3	100	臨月に入ってから本格的に考え始めました。字画は子どもの一生を左右すると考えていたので、苗字にあう画数を調べ、名前を考えました。名づけの本やパソコンなどを利用して、つけたい画数の漢字をノートに羅列して、読み方や漢字の意味合いや苗字とのバランスも考えました。長男・次男ともこの方法で名づけました。名前の意味合いのとおりに育っています。 なちゅらる さん		https://baby-calendar.jp/knowledge/pregnancy/488?page=3	bc
3	101	臨月に入ってから本格的に考え始めました。字画は子どもの一生を左右すると考えていたので、苗字にあう画数を調べ、名前を考えました。名づけの本やパソコンなどを利用して、つけたい画数の漢字をノートに羅列して、読み方や漢字の意味合いや苗字とのバランスも考えました。長男・次男ともこの方法で名づけました。名前の意味合いのとおりに育っています。 なちゅらる さん		https://baby-calendar.jp/knowledge/pregnancy/488?page=3	bc
3	102	自分の名字に合う名前をデータで出してもらうサービス冊子の中から決めました。どれを選んでも画数など悪くないということで、とても選びやすかったし、一般的な名づけの本を買うことを思ったら、使いやすくてよかったと思います。 あっちママ さん		https://baby-calendar.jp/knowledge/pregnancy/488?page=3	bc
3	103	自分の名字に合う名前をデータで出してもらうサービス冊子の中から決めました。どれを選んでも画数など悪くないということで、とても選びやすかったし、一般的な名づけの本を買うことを思ったら、使いやすくてよかったと思います。 あっちママ さん		https://baby-calendar.jp/knowledge/pregnancy/488?page=3	bc
3	104	健診で性別が判ってから、夫が時々思い出したようにネットや本で調べて考えていました。はじめは潤とか翼とかがいいと言っていたけど画数が良くなくて、最終的には夫ではなく夫の父の名前から1文字もらって、画数がいい名前に決めました。生まれたときに顔を見て「違うな」と思ったら別の名前を考えるつもりでしたが、生まれたときに立ち会った夫と「いいよね」と言い合い、前もって考えていた名前に決めました。 きょん×2 さん		https://baby-calendar.jp/knowledge/pregnancy/488?page=3	bc
3	105	健診で性別が判ってから、夫が時々思い出したようにネットや本で調べて考えていました。はじめは潤とか翼とかがいいと言っていたけど画数が良くなくて、最終的には夫ではなく夫の父の名前から1文字もらって、画数がいい名前に決めました。生まれたときに顔を見て「違うな」と思ったら別の名前を考えるつもりでしたが、生まれたときに立ち会った夫と「いいよね」と言い合い、前もって考えていた名前に決めました。 きょん×2 さん		https://baby-calendar.jp/knowledge/pregnancy/488?page=3	bc
3	106	出産前から性別はわかっていたにも関わらず、結局市役所に届け出たのは出生14日目。ギリギリまで悩みました。男の子は基本的に名字が変わらないので、字画など何回も調べました。 ゆうこ さん		https://baby-calendar.jp/knowledge/pregnancy/488?page=3	bc
3	107	出産前から性別はわかっていたにも関わらず、結局市役所に届け出たのは出生14日目。ギリギリまで悩みました。男の子は基本的に名字が変わらないので、字画など何回も調べました。 ゆうこ さん		https://baby-calendar.jp/knowledge/pregnancy/488?page=3	bc
3	108	名前は産む前に決めていました。男の子でも女の子でも大丈夫なように両方考えて過ごしていました。おなかにいるときから名前を呼んでいました。胎動が返ってくるとすごくうれしかったです。おなかにいるときから名前を呼んであげるのはすごくいいように思います。産んだあとに名前のことで考えることがなかったので、すぐにお世話に専念できたように思います。 そばかす さん		https://baby-calendar.jp/knowledge/pregnancy/488?page=3	bc
3	109	名前は産む前に決めていました。男の子でも女の子でも大丈夫なように両方考えて過ごしていました。おなかにいるときから名前を呼んでいました。胎動が返ってくるとすごくうれしかったです。おなかにいるときから名前を呼んであげるのはすごくいいように思います。産んだあとに名前のことで考えることがなかったので、すぐにお世話に専念できたように思います。 そばかす さん		https://baby-calendar.jp/knowledge/pregnancy/488?page=3	bc
3	110	妊娠7カ月ごろには決めました。最初は男の子と女の子両方の名前を考えていて、そのころから女の子の名前しか思いつかなかったんですけど……。健診で間違いなく女の子だろうと言われてからは、安心して女の子の名前を考えました。たくさん候補を出したのに、パパがある日なんとなく思いついた名前の響きが良くて、苗字とも合ったので、その名前にしました。 ららぽーと大好き さん		https://baby-calendar.jp/knowledge/pregnancy/488?page=3	bc
3	111	妊娠7カ月ごろには決めました。最初は男の子と女の子両方の名前を考えていて、そのころから女の子の名前しか思いつかなかったんですけど……。健診で間違いなく女の子だろうと言われてからは、安心して女の子の名前を考えました。たくさん候補を出したのに、パパがある日なんとなく思いついた名前の響きが良くて、苗字とも合ったので、その名前にしました。 ららぽーと大好き さん		https://baby-calendar.jp/knowledge/pregnancy/488?page=3	bc
