year	seq	text	url	src
2020	1	毎年恒例！ 2020年に生まれた赤ちゃんの名前、よみ、漢字の人気ランキングを1位から100位まで発表します。今年で11回目となる赤ちゃんの名前ランキング。気になる2020年の結果は！？	https://baby-calendar.jp/nazuke/nameranking2020	bc
2020	2	「蓮」 が3年連続で首位に輝き、絶対王者の貫禄を見せつけました！ 2位 「蒼」 は昨年8位からの急上昇。 「陽翔」 を含めたTOP3に加え、 「樹」「湊」「大翔」 など自然の情景を連想させる名前が上位に集中する結果に。	https://baby-calendar.jp/nazuke/nameranking2020	bc
2020	3	昨年に続き 「陽葵」 が1位！ 一昨年16位、昨年4位と着実に順位を上げてきた 「紬」 は2位にランクイン。日本的な趣を感じるレトロネームや、 「芽依」「結菜」「葵」 など植物に関連した名前が多くTOP10入りしました。	https://baby-calendar.jp/nazuke/nameranking2020	bc
2020	4	調査対象：株式会社ベビーカレンダーが企画・運営している「ファーストプレゼント」「おぎゃー写真館」「ベビーカレンダー全員プレゼント」のサービスを利用された方、ベビーカレンダー「2020年 赤ちゃんの名づけエピソードキャンペーン」に応募された方　 調査期間：2020年1月1日（水）～2020年10月1日（木）調査件数：161,321件（男の子：81,896件／女の子：79,425件）	https://baby-calendar.jp/nazuke/nameranking2020	bc
2021	1	"毎年恒例！ 2021年に生まれた赤ちゃんの名前、よみ、漢字の人気ランキングを1位から100位まで発表します。今年で12回目となる赤ちゃんの名前ランキング。気になる2021年の結果は！？
                    【調査期間：2021年1月1日（金）～2021年10月1日（金）】"	https://baby-calendar.jp/nazuke/nameranking2021	bc
2021	2	根強い人気を誇る 「蓮」 が今年もトップで4年連続1位に！ 2位は昨年3位の 「陽翔」 、昨年5位の 「湊」 が3位と、昨年に引き続き自然を感じさせる名前がトレンド。 「碧」 は昨年19位から急上昇しTOP10入りしました。	https://baby-calendar.jp/nazuke/nameranking2021	bc
2021	3	一昨年は4位、昨年は2位と着実に人気を伸ばしていた 「紬」 が今年は1位に輝きました！ 昨年3位だった 「凛」 は2位にランクアップ。そのほか 「葵」「澪」 など漢字1文字の名前がランクを上げる結果となりました。	https://baby-calendar.jp/nazuke/nameranking2021	bc
2021	4	"調査対象：株式会社ベビーカレンダーが企画・運営している「ファーストプレゼント」「おぎゃー写真館」「ベビーカレンダー全員プレゼント」のサービスを利用された方　
                        調査期間：2021年1月1日（金）～2021年10月1日（金）調査件数：115,687件（男の子：58,739件／女の子：56,948件）"	https://baby-calendar.jp/nazuke/nameranking2021	bc
2022	1	"毎年恒例！ 2022年に生まれた赤ちゃんの名前、よみ、漢字の人気ランキングを1位から100位まで発表します。今年で13回目となる赤ちゃんの名前ランキング。気になる2022年の結果は！？
                    【調査期間：2022年1月1日（土）～2022年10月1日（土）】"	https://baby-calendar.jp/nazuke/nameranking2022	bc
2022	2	一昨年の19位から昨年は7位まで人気を伸ばした 「碧」 が今年は1位に！昨年からさらなる躍進を見せました。2018年から4年連続1位だった 「蓮」 は3位に。1位の 「碧」 を始め、TOP10には 「あお」 と読ませる名前が3つもランクイン。	https://baby-calendar.jp/nazuke/nameranking2022	bc
2022	3	2年ぶりに 「陽葵」 が1位に返り咲き！ 2位は根強い人気を誇る 「凛」 。 「芽依」「葵」 が同率で3位になったほか 「陽菜」「澪」 など自然を感じさせる名前が多くTOP10に。昨年22位の 「詩」 が今年は5位に急浮上！	https://baby-calendar.jp/nazuke/nameranking2022	bc
2022	4	"調査対象：株式会社ベビーカレンダーが企画・運営している「ファーストプレゼント」「おぎゃー写真館」「ベビーカレンダー全員プレゼント」のサービスを利用された方　
                        調査期間：2022年1月1日（土）～2022年10月1日（土）調査件数：107,289件（男の子：54,449件／女の子：52,840件）"	https://baby-calendar.jp/nazuke/nameranking2022	bc
2023	1	毎年恒例！ 2023年に生まれた赤ちゃんの名前、よみ、漢字の人気ランキングを1位から100位まで発表します。今年で14回目となる赤ちゃんの名前ランキング。気になる2023年の結果は！？	https://baby-calendar.jp/nazuke/nameranking2023	bc
2023	2	昨年3位だった 「蓮」 が今年は1位に！2018年から2021年まで4年連続キープしていた1位の座に返り咲きました。一昨年の7位から昨年1位にまで順位を上げた 「碧」 は3位に。TOP10のうち一文字の名前が6つもランクインしました。	https://baby-calendar.jp/nazuke/nameranking2023	bc
2023	3	「陽葵」 が昨年から1位をキープ！ 2位は2018年からTOP3にランクインしている 「凛」 。一昨年55位から昨年19位まで大きく順位を上げた 「翠」 が今年は3位に！昨年よりも躍進してTOP3に入りました。	https://baby-calendar.jp/nazuke/nameranking2023	bc
2023	4	"調査対象：株式会社ベビーカレンダーが企画・運営している「ファーストプレゼント」「おぎゃー写真館」「ベビーカレンダー全員プレゼント」のサービスを利用された方　
                        調査期間：2023年1月1日（日）～2023年10月1日（日）調査件数：87,544件（男の子：44,716件／女の子：42,828件）"	https://baby-calendar.jp/nazuke/nameranking2023	bc
2024	1	毎年恒例！ 2024年に生まれた赤ちゃんの名前、よみ、漢字の人気ランキングを1位から100位まで発表します。	https://baby-calendar.jp/smilenews/detail/71825	bc
2024	2	今年で15回目となる赤ちゃんの名前ランキング。気になる2024年の結果は！？	https://baby-calendar.jp/smilenews/detail/71825	bc
2024	3	男の子の名前ランキングでは、2023年に続き 「蓮」 が1位に！2018年から2021年まで4年連続キープしていた1位の座を守る結果となりました。TOP3を独占しているのは、近年人気がある漢字1文字の名前。「 凪 」は毎年少しずつ順位を上げ、2023年の8位から3位へ、ランクアップを果たしました。	https://baby-calendar.jp/smilenews/detail/71825	bc
2024	4	女の子の名前ランキングを見ると、昨年2位だった「 凛 」が僅差ながら1位に。2023年の1位と2位が入れ替わる結果になりました。2023年に引き続き3位は「 翠 」。2022年は19位だったランキングの順位を大幅にアップした2023年以降、2度目のTOP3入りとなりました。	https://baby-calendar.jp/smilenews/detail/71825	bc
2024	5	＜調査概要＞ 調査対象：株式会社ベビーカレンダーが企画・運営している「ファーストプレゼント」「おぎゃー写真館」「ベビーカレンダー全員プレゼント」のサービスを利用された方 調査期間：2024年1月1日(月)〜2024年10月1日(火) 回答件数：79,848件（男の子：40,207件／女の子：39,641件）	https://baby-calendar.jp/smilenews/detail/71825	bc
2024	6	ガイドラインに違反していると思われる投稿を見つけた場合は、このフォームから報告できます。	https://baby-calendar.jp/smilenews/detail/71825	bc
2024	7	赤ちゃんの成長にあったママに必要な情報が毎日届く！ 妊娠から出産までのプレママ、子育て中のママ・パパにも、毎日の生活に役立つ情報をお届けします。	https://baby-calendar.jp/smilenews/detail/71825	bc
2025	1	毎年恒例！ 2025年に生まれた赤ちゃんの名前、よみ、漢字の人気ランキングを1位から100位まで発表します。	https://baby-calendar.jp/smilenews/detail/100184	bc
2025	2	赤ちゃんの名前の動向を毎月調査・発表！新生児の名づけのトレンドや人気ランキングをお伝えしています。…	https://baby-calendar.jp/smilenews/detail/100184	bc
2025	3	今年で16回目となる赤ちゃんの名前ランキング。気になる2025年の結果は！？	https://baby-calendar.jp/smilenews/detail/100184	bc
2025	4	男の子の名前ランキングTOP3は、1位「 碧 （主なよみ：あお）」、同率2位「 陽翔 （主なよみ：はると）」・「 湊 （主なよみ：みなと）」でした。「湊」は2022年7位、2023年4位、2024年5位と、ここ数年安定して上位に入り続けており、人気の名前として定着しています。	https://baby-calendar.jp/smilenews/detail/100184	bc
2025	5	一方、女の子の名前ランキングTOP3は、1位「 陽葵 （主なよみ：ひまり）」、2位「 翠 （主なよみ：すい）」、3位「 凛 （主なよみ：りん）」という結果に。「陽葵」と「凛」は安定した人気を維持しており、近年注目度が高まっている「翠」は2位へと順位を伸ばしました。	https://baby-calendar.jp/smilenews/detail/100184	bc
2025	6	調査対象：株式会社ベビーカレンダーが企画・運営している「ファーストプレゼント」「おぎゃー写真館」「ベビーカレンダー全員プレゼント」のサービスを利用された方 調査期間：2025年1月1日(水)〜2025年10月25日(土)	https://baby-calendar.jp/smilenews/detail/100184	bc
2025	7	回答件数：85,949件（男の子：43,730件／女の子：42,219件）	https://baby-calendar.jp/smilenews/detail/100184	bc
2025	8	一気に大躍進！男の子の名前、今ガチで選ばれている大注目の【急上昇ネーム】はコレだ！	https://baby-calendar.jp/smilenews/detail/100184	bc
2025	9	シンプルで目を引く「一文字ネーム」がオシャレすぎる♡女の子ママたちがリアルに支持した名前はコレ♪	https://baby-calendar.jp/smilenews/detail/100184	bc
2025	10	一周まわって今どき♪男の子「四音ネーム」の人気が止まらない♡人気の名前はコレでした！	https://baby-calendar.jp/smilenews/detail/100184	bc
2025	11	ベビーカレンダーが独自で調査・集計した2017年以降に生まれた赤ちゃんの名前データの中から、知りたい名前の順位、よみの順位、漢字の順位を見ることができます。	https://baby-calendar.jp/smilenews/detail/100184	bc
2025	12	【名前で検索】【よみ方で検索】が名前の一部で検索できるようになりました！	https://baby-calendar.jp/smilenews/detail/100184	bc
2025	13	ガイドラインに違反していると思われる投稿を見つけた場合は、このフォームから報告できます。	https://baby-calendar.jp/smilenews/detail/100184	bc
2025	14	赤ちゃんの成長にあったママに必要な情報が毎日届く！ 妊娠から出産までのプレママ、子育て中のママ・パパにも、毎日の生活に役立つ情報をお届けします。	https://baby-calendar.jp/smilenews/detail/100184	bc
